title,price,area,location,description,Diện tích đất:,Giá/m2:,Hướng cửa chính:,Giấy tờ pháp lý:,Đặc điểm nhà/đất:,Loại hình đất:,Chiều ngang:,Chiều dài:,Số phòng ngủ:,Số phòng vệ sinh:,Loại hình nhà ở:,Tình trạng nội thất:,Diện tích sử dụng:,Tình trạng bất động sản:,Diện tích:,Loại hình căn hộ:,Tổng số tầng:,Tên phân khu/Lô/Block/Tháp:,Mã căn / Mã căn hộ:,Tầng số:,Hướng ban công:,Mã lô:,Đặc điểm căn hộ:,Loại hình văn phòng:
Bán lô đất đường Lỗ Giáng 8 - Hoà Xuân giá đầu,"2,38 tỷ- 100 m2",- 100 m2,"Đường Lỗ Giáng 8, Phường Hòa Xuân, Quận Cẩm Lệ, Đà Nẵng","Còn lô giá rẻ nhất khu vực: Nam Cẩm Lệ
✔️ Đường Lỗ Giáng 8 - Hoà Xuân 
✔Vị trí song song với đường Mẹ Thứ 
✔Diện tích 100m2 
✔Hướng Nam
✔ Giá 2.38 tỷ 
Anh chị quan tâm liên hệ E để xem đất và làm việc chính chủ",100 m2,"23,8 triệu/m2",Nam,Đã có sổ,Mặt tiền,Đất thổ cư,5 m,20 m,,,,,,,,,,,,,,,,
Nhà mặt tiền Cao Đạt 1 trệt 2 lầu trung tâm quận 5,18 tỷ- 79 m2,- 79 m2,"Đường Cao Đạt, Phường 1, Quận 5, Tp Hồ Chí Minh","Nhà 1 trệt 2 lầu
Diện tích 4,15x18,8
4 phòng ngủ 2 toilet 1 khách
Nội thất cơ bản đầy đủ
Mặt tiền trước nhà rộng xe hơi quay đầu
Nằm ngay bệnh viện, trường học, chợ, khu vui chơi có tiếng ở sài gòn,...
Ra quận 1 chưa tới 5 phút
Sổ hồng riêng đầy đủ",79 m²,"227,85 triệu/m²",Nam,Đang chờ sổ,Mặt tiền,Đất thổ cư,4 m,18 m,4 phòng,3 phòng,"Nhà mặt phố, mặt tiền",Nội thất đầy đủ,89 m²,,,,,,,,,,,
"Đất ngay tthc bầu bàng, giá chỉ 2tr 1m2",1 tỷ- 500 m2,- 500 m2,"Đường Quốc Lộ 13, Thị trấn Lai Uyên, Huyện Bàu Bàng, Bình Dương","Vài lô liền kề nằm ngay kcn , tthc bầu bàng 
Diện tích rộng nên có thể đầu tư xây trọ cách các khu công nghiệp chỉ 100m
Diện tích 5,5 x100
Giá chỉ 2tr 1m2, đường 4m
Đã có sổ riêng từng nền, bao công chứng trong ngày
Các nhà trọ gần khu công nghiệp đã quá tải nền việc đầu tư xây trọ hiện tại là 1 thời điểm quá hợp lí
Có thêm nhiều phần quà và giá hấp dẫn
Có xe đưa rướt miễn phí vào ngày chủ nhật",500 m2,2 triệu/m2,Nam,Đã có sổ,Mặt tiền,Đất nông nghiệp,5 m,100 m,4 phòng,3 phòng,"Nhà mặt phố, mặt tiền",Nội thất đầy đủ,89 m²,,,,,,,,,,,
"Nhà đẹp 4x15m, Võ văn Vân, Vĩnh Lộc B, 525Tr/ căn",525 triệu- 60 m2,- 60 m2,"Đường Võ Văn Vân, Xã Vĩnh Lộc B, Huyện Bình Chánh, Tp Hồ Chí Minh","Nhà chính chủ mới xây đường võ văn vân, vĩnh lộc b, bình chánh, diện tích 4x15m, giá bán 525 triệu
diện tích 4x15m, tổng xây dựng 1 trệt 1 lầu 3 Pn, nhà xây tượng riêng, sổ riêng
điện nước máy, đường nhựa 7m
xung quanh dân cư đông đúc, có gần trường cấp 123, chợ 
mua cho thuê hoặc ở liền, nhà xây bàn giao hoàn thiện
liên hệ xem nhà gặp Mai",60 m²,"8,75 triệu/m²",Nam,Đã có sổ,Mặt tiền,Đất nông nghiệp,4 m,15 m,3 phòng,2 phòng,"Nhà mặt phố, mặt tiền",Nội thất đầy đủ,120 m²,,,,,,,,,,,
Đất TC 6x25m mặt tiền đường nhựa thôn 2 Suối Rao,440 triệu- 150 m2,- 150 m2,"Thôn 2, Xã Suối Rao, Huyện Châu Đức, Bà Rịa - Vũng Tàu","bán lô đất đẹp mặt tiền đường nhựa thôn 2, Suối Rao, Châu Đức
hình chụp thực tế bên trên
sổ đỏ thực tế bên trên, có số tờ số thửa đi xem đất các bạn đối chiếu giùm nhé.
6x25m có 100m2 đất ở
sổ riêng có sẵn luôn
giá 440 triệu cả lô đất luôn
7 lô mình đã bán 5 lô chỉ còn 2 lô liền kề, lấy hết thì có giá rẻ hơn nữa
cam kết hình thực, giá thực không đăng ba xạo.
mình chính chủ bán",150 m2,"2,93 triệu/m2",Bắc,Đã có sổ,Mặt tiền,Đất thổ cư,6 m,25 m,3 phòng,2 phòng,"Nhà mặt phố, mặt tiền",Nội thất đầy đủ,120 m²,,,,,,,,,,,
600m2 đất thổ cư SHR cách đường Lý Thái Tổ Bảo Lộc,"1,56 tỷ- 600 m2",- 600 m2,"Đường Lý Thái Tổ, Xã Đạm Bri, Thành phố Bảo Lộc, Lâm Đồng","DT: 12 x 50m đất thổ cư ( sổ hồng )
Thế đất bằng view cao thoáng,không khí trong lành,ngắm nhìn đồi núi vườn trà cà phê xanh ngát, thich hợp cho những ai có ý định muốn xây 1 căn nhà vườn nghỉ ngơi sau những ngày làm việc mệt mỏi , tạm xa cuộc sống tấp nập ồn ào nơi đô thị!
1 bước chân tới ngàn tiện ich : gần Lâu Đài Trắng, Đồi Hướng Dương, thác Đambri, chợ khu 6, trường học... 
Khu dân cư hiện hữu, an ninh, hệ thống hạ tầng đầy đủ, đường nhựa rộng oto ra vào thoải mái ! 
Gía bán mong muốn : 1 tỷ 560tr
Đ/c : hẻm Lý Thái Tổ, xã Đambri , tp Bảo Lộc tỉnh Lâm Đồng.
Cô chú anh chị quan tâm gọi cho em nhé !",600 m2,"2,6 triệu/m2",Bắc,Đã có sổ,Nở hậu,Đất thổ cư,12 m,50 m,3 phòng,2 phòng,"Nhà mặt phố, mặt tiền",Nội thất đầy đủ,120 m²,,,,,,,,,,,
"Kẹt vốn bán căn 2PN view hồ bơi tầng 10 giá 2,530T","2,5 tỷ- 67 m2",- 67 m2,"Đường số 1, Phường Trường Thọ, Quận Thủ Đức, Tp Hồ Chí Minh","Chính chủ cần bán nhanh căn 2PN 67m2 view hồ bơi tầng 10 giá 2,530 tỷ.
Mua bán nhanh có bớt
Dự án chuẩn bị giao nhà vào đầu năm sau.
Bàn giao full nội thất cơ bản và bếp thương hiệu Malloca. Call để trao đổi thêm",600 m2,"37,31 triệu/m²",Bắc,Đã có sổ,Nở hậu,Đất thổ cư,12 m,50 m,2 phòng,2 phòng,"Nhà mặt phố, mặt tiền",Nội thất đầy đủ,120 m²,Đã bàn giao,67 m²,Chung cư,,,,,,,,
Bán đất mặt tiền 1 sẹt Quốc Lộ 20,890 triệu- 250 m2,- 250 m2,"Đường Quốc Lộ 20, Thị trấn Lộc Thắng, Huyện Bảo Lâm, Lâm Đồng","Hiện tại gia đình mình đang cần gấp nguồn vốn xoay lấy nguồn hàng tết nên muốn bán lại miếng đất tại Thành Phố Bảo Lộc
Diện tích 250m2(10x25) có 160m2 thổ cư,sổ hồng riêng
Vị trí 1 sẹt quốc lộ 20 cách 2km,mặt tiền đường 8m.Gần chợ,trường học,Uỷ Ban.cách trung tâm TP.Bảo lộc 5-7phút đi xe máy.Cách mấy khu du lịch tầm 10-12phút.
Giá có thể thương lượng cho những ai đang cần",250 m2,"3,56 triệu/m2",Bắc,Đã có sổ,Mặt tiền,Đất thổ cư,10 m,25 m,2 phòng,2 phòng,"Nhà mặt phố, mặt tiền",Nội thất đầy đủ,120 m²,Đã bàn giao,67 m²,Chung cư,,,,,,,,
Chính chủ cần bán đất xã Liên Khê,560 triệu- 261 m2,- 261 m2,"Đường 359, Xã Tân Dương, Huyện Thuỷ Nguyên, Hải Phòng","Chính chủ cần bán đất sổ đỏ chính chủ
Vị trí cách chợ 400m UBND 300m
Cách mặt đường 20 mét ngõ 4m ô tô vào",261 m2,"2,15 triệu/m2",Bắc,Đã có sổ,Hẻm xe hơi,Đất thổ cư,15 m,18 m,2 phòng,2 phòng,"Nhà mặt phố, mặt tiền",Nội thất đầy đủ,120 m²,Đã bàn giao,67 m²,Chung cư,,,,,,,,
Nhà trệt 4 lầu sân thượng (4x20)p12.q5.25tỷ TL,25 tỷ- 80 m2,- 80 m2,"Đường Phó Cơ Điều, Phường 12, Quận 5, Tp Hồ Chí Minh","Nhà mới , đẹp , nằm ngai trung tâm quận 5 , cung đường sầm uất , thuận tiện kinh doanh như spa , văn phòng , căn hộ dịch vụ , KS...
Gần chợ , trường học , bệnh viện , trung tâm thương mại 
Đang có hộp đồng thuê 80tr/tháng",80 m²,"312,5 triệu/m²",Bắc,Đã có sổ,Hẻm xe hơi,Đất thổ cư,4 m,20 m,6 phòng,6 phòng,"Nhà mặt phố, mặt tiền",Nội thất đầy đủ,72 m²,Đã bàn giao,67 m²,Chung cư,,,,,,,,
"Bán Nhà 1 Trệt 2 Lầu, HXH, P.HBP, 54m2, Giá 4.98Tỷ","4,98 tỷ- 54 m2",- 54 m2,"Đường số 8, Phường Hiệp Bình Phước, Quận Thủ Đức, Tp Hồ Chí Minh","Chính Chủ Bán Gấp Nhà 1 trệt 2 lầu, Hẻm Ô Tô, Hiệp Bình Phước, Thủ Đức, Giá Chỉ 4.98 Tỷ

Kẹt tiền cần bán gấp nhà 1 trệt 2 lầu, kiên cố đẹp, đường ô tô đậu trước nhà, đường số 8, phường Hiệp Bình Phước, quận Thủ Đức, diện tích 54m2, giá chỉ 4,98 tỷ.

Nhà gần chợ Hiệp Bình, siêu thị, di chuyển 5 phút ra Gigamall Phạm Văn Đồng, Khu đô thị Vạn Phúc,15 phút vào sân bay Quận 1. Bán kính 2km là trường học các cấp.

-Thông tin mô tả:

+ Diện tích 54m2: ngang 4.5m, dài 12m.

+ Kết cấu: 3 tầng BTCT, đẹp, kiên cố, 4 phòng ngủ, 5 WC, tủ âm tường, tặng nội thất gỗ xịn xò.
+ Đường hơn 8m, có vỉa hè, cây xanh, khu dân cư phân lô, dân trí, đường thông thoáng, sạch sẽ, thông tứ tung, ngay trong KDC Hồng Long.
+ Khu vực yên tĩnh, toàn nhà cao tầng, dân trí cao, an ninh, 20m ra công viên với đầy đủ tiện ích.
+ Bán kính 500m có đầy đủ trường từ mầm non đến cấp 3, Siêu thị, chợ ...
+ Các nhà bên cạnh ngang nhỏ hơn nhưng đang chào giá 5.3 tỷ, chủ muốn bán nhanh lấy tiền công chứng nhà mới nên chào giá rẻ khu vực.

- Pháp Lý:
Sổ hồng vuông vức như tờ A4, hoàn công đầy đủ, công chứng trong ngày.

Liên hệ ngay để mua chính chủ",54 m²,"92,22 triệu/m²",Bắc,Đã có sổ,Nở hậu,Đất thổ cư,4.5 m,12 m,4 phòng,5 phòng,"Nhà ngõ, hẻm",Nội thất đầy đủ,162 m²,Đã bàn giao,67 m²,Chung cư,,,,,,,,
Bán Lô Đất 3300M2 1Tr4/M2Lý Thường Kiệt Tp Bảo Lộc,"1,4 tỷ- 3.300 m2",- 3.300 m2,"Đường Lý Thường Kiệt, Phường Lộc Phát, Thành phố Bảo Lộc, Lâm Đồng","- Bán Lô Đất 3300M2 MT Hẻm Cách Đường Lớn Lý Thường Kiệt 200M Sổ Vuông góc view rất đẹp 
- Đất Thuộc Phường Lộc Phát Tp Bảo Lộc 
Đường Trước Đất Là Đường 5,2M Xe ÔTÔ Đi Vô Tư 
- Đối Diện Khu Dự Án Phân Lô , Đất Triền nhẹ Nhìn View Đất Rất Đẹp Có 300M Mặt Tiền 
Vị Trí : Phường Lộc Phát - Tp Bảo Lộc - T Lâm Đồng 
- Giá Chỉ 1Tr4/M2 
DT: Trên Sổ 4000M2 Đất Thật Tế 3300M2 
Pháp Lý Sổ Sách Đầy Đủ 
A/C QT LH SĐT",3300 m2,424.242 đ/m2,Bắc,Đã có sổ,Mặt tiền,Đất nông nghiệp,4.5 m,12 m,4 phòng,5 phòng,"Nhà ngõ, hẻm",Nội thất đầy đủ,162 m²,Đã bàn giao,67 m²,Chung cư,,,,,,,,
Tôi bán nhà xây mới 100% 4 lầu tặng nội thất 1%MG,"5,5 tỷ- 36.3 m2",- 36.3 m2,"Đường Lê Quang Định, Phường 11, Quận Bình Thạnh, Tp Hồ Chí Minh","Tôi cần bán nhà mới xây 100% đường Lê Quang định. Bình thạnh 

DT : 4,7m * 7,5m. Nở Hậu 6,10m Công Nhận : 36,5m2.
Kết Cấu: 1 Trệt, 2 Lầu, Sân thượng Đúc. Có 3PN, 4WC . Căn Góc 2 mặt hẻm Thoáng Mát
Khu Dân Trí Cao - sang trọng- lịch sự 
Hẻm Nội Bộ 3 Căn Nhà. Cách 10m Ra HXH Quay Đầu.
Giá bán: 5,5 Tỷ TL
Phí aecmg 1%.",36.3 m²,"152,78 triệu/m²",Nam,Đã có sổ,Mặt tiền,Đất nông nghiệp,4.7 m,7.5 m,3 phòng,4 phòng,"Nhà ngõ, hẻm",Nội thất cao cấp,140 m²,Đã bàn giao,67 m²,Chung cư,4,,,,,,,
BÁN NỀN KHU DÂN CƯ MINH THẮNG,"1,57 tỷ- 115 m2",- 115 m2,"KHU DÂN CƯ MINH THẮNG - CÀ MAU, Phường 9, Thành phố Cà Mau, Cà Mau","🍁Cần bán gấp lô đất nhà phố khu Minh Thắng, diện tích 115.8m2.
(Tặng ngay bộ thiết kế nhà hiện đại khu Minh Thắng trị giá 50tr đồng).
🍁Đường số 7, lòng đường đã thảm nhựa 8m, vỉa hè đã lót gạch 4,25m.
🍁Hệ thống điện âm 
Diện tích 6*19.3m = 115.8m2.
🍁Hướng Đông Bắc.
🍁Pháp lý: Sổ đỏ riêng.
🍁 Vị Trí: Khu Minh Thắng đang đấu nối ra đường Nguyễn Trãi.
Đường Tạ Uyên đang làm và đấu nối qua phường 8.
Bệnh viện TN thành phố Cà Mau đang thi công.
🍁Trường học từ mẫu giáo đến cấp 3 ở sát bên (bán kính 500m).
Khách sạn Mường Thanh, siêu thị và các shophouse Vincom, trung tâm Hội nghị tỉnh,... Cách 1km.
Các dự án: Licogi, phát triển nhà, tái định cư phường 1,... Sát bên. Hứa hẹn thành khu vực sầm uất nhì Cà Mau.
🍁Giá chính chủ 1ty570 (giá công ty và thị trường hiện là 1 tỷ 700tr)",115 m2,"13,65 triệu/m2",Đông Bắc,Đã có sổ,Mặt tiền,Đất thổ cư,6 m,19 m,3 phòng,4 phòng,"Nhà ngõ, hẻm",Nội thất cao cấp,140 m²,Đã bàn giao,67 m²,Chung cư,4,,,,,,,
Đất nền giá đầu tư becamex,580 triệu- 250 m2,- 250 m2,"QL13, Thị trấn Lai Uyên, Huyện Bàu Bàng, Bình Dương","🔥ĐẤT NỀN TRUNG TÂM HÀNH CHÍNH BÀU BÀNG🔥
🌝🌝 Sổ hồng sẵn,riêng từng nền. 🌝🌝
❌GIÁ CHỈ 580tr/NỀN ❌
#ngân hàng hỗ trợ đến 70%
- Thổ cư 100%, điện âm, nước máy.
- Đường nhựa 16-25m.
- Bán kính 500m : Chợ, TTHC, Trường học cấp 1,2,3, công viên.
🛑 Có hỗ trợ ngân hàng cho ai tài chính yếu. 
🏛️ Xung quanh dân cư đông đúc kinh doanh buôn bán sầm uất vì cần tiền nên tôi cần bán gấp và giá rất rẻ so với khu vực.
————————————
☎ LIÊN HỆ để biết thêm thông tin",250 m2,"2,32 triệu/m2",Đông Bắc,Đã có sổ,Mặt tiền,Đất thổ cư,10 m,25 m,3 phòng,4 phòng,"Nhà ngõ, hẻm",Nội thất cao cấp,140 m²,Đã bàn giao,67 m²,Chung cư,4,,,,,,,
Cần bán 3 xào trồng tiêu đang thu hoạch,1 tỷ- 3.031 m2,- 3.031 m2,"Đường 765, Xã Sông Ray, Huyện Cẩm Mỹ, Đồng Nai","Do không có thời gian chăm sóc, vợ chồng tôi Cần bán lô đất 3 xào đang trồng tiêu, đường chợ ấp 3 Sông Ray đi vô, cách trục đường 765 1,2km, dân cư ở đông. Gần trường, gần chợ. Có hệ thống tưới nhỏ giọt, tiêu đang cho thu hoạch rất đẹp. 
Ngang 51 mét dài 55m , đường rộng, đường thông, xe tải đi vô tư.
Giá cần bán: 1 tỷ trọn sổ
Ai quan tâm liên hệ trực tiếp số điện thoại để thương lượng giá và đi xem đất trực tiếp.",3031 m2,329.924 đ/m2,Nam,Đã có sổ,Mặt tiền,Đất nông nghiệp,51 m,55 m,3 phòng,4 phòng,"Nhà ngõ, hẻm",Nội thất cao cấp,140 m²,Đã bàn giao,67 m²,Chung cư,4,,,,,,,
"Bán đất 440m2 (6 x 72) mặt tiền Tỉnh lộ 934, ST",580 triệu- 440 m2,- 440 m2,"Đường Tỉnh lộ 934, Xã Viên Bình, Huyện Trần Đề, Sóc Trăng","Ngang 6x72m (440m2), thổ cư 100m2, đất trồng cây lâu năm 340m2
Đất đã xây dựng tường rào bao quanh cao 1m5, cổng sắt kiên cố cao 6m (kiểu biệt thự)
Vị trí lô đất rất thuận lợi như: mặt trước và sau lô đất đều giáp mặt sông, gần ubnd xã Viên Bình, gần trường học, bệnh viện, đặc biệt nằm ngay trục đường chính đi tàu cao tốc đi Sóc Trăng - Côn Đảo
Giá bán 580.000.000 đồng (thương lượng nhẹ)",440 m2,"1,32 triệu/m2",Đông Bắc,Đã có sổ,Mặt tiền,Đất thổ cư,6 m,72 m,3 phòng,4 phòng,"Nhà ngõ, hẻm",Nội thất cao cấp,140 m²,Đã bàn giao,67 m²,Chung cư,4,,,,,,,
"Nhà Chính Chủ, Tô Ký ,Q12.Bao sang tên công chứng.",720 triệu- 45 m2,- 45 m2,"Đường Tô Ký, Phường Đông Hưng Thuận, Quận 12, Tp Hồ Chí Minh","Vì tình hình kinh tế khó khăn mình cần tiền, muốn bán lại nhà riêng gần ngay công viên phần mềm Quang Trung, quận 12.

+ Tặng full nội thất cao cấp, vào ở ngay!

+ Nhà 1 trệt 1 lầu: đúc kiên cố bao đẹp và chắc chắn vì nhà mới xây được gần một năm nên còn rất mới và đẹp.

+ Diện tích sử dụng 45m2 (gồm 3 phòng ngủ, 2 nhà vệ sinh)

+ Nhà gần các hướng đi trung tâm thành phố, đi Gò Vấp 5 phút, đi Thủ Đức 10 phút, và tiện các hướng đi lại cho việc đi làm các quận trong trung tâm thành phố.

+ Nằm ngay sau cầu vượt Quang Trung, cách Chợ Cầu 2 phút, nhà trẻ nằm ngay sau lưng, trường tiểu học Nguyễn Du kế bên.

+ Nhà có thể cho thuê với mức giá 4_5 triệu/tháng vì nhu cầu thuê nhà của sinh viên trường cao đẳng gần nhà là rất lớn.
Liên hệ : Khang để pik thêm thông tin và thương lượng bớt lộc.",45 m²,16 triệu/m²,Đông Bắc,Đã có sổ,Nở hậu,Đất thổ cư,5 m,9 m,3 phòng,2 phòng,"Nhà mặt phố, mặt tiền",Nội thất đầy đủ,45 m²,Đã bàn giao,67 m²,Chung cư,4,,,,,,,
"BÁN ĐẤT SƠN ĐÔNG, 100% THỔ CƯ, GẦN BÙNG BINH MŨ","1,3 tỷ- 198 m2",- 198 m2,"Quốc Lộ 60, Xã Sơn Đông, Thành phố Bến Tre, Bến Tre","🌍 Vị trí: QL60, Sơn Đông, TP Bến Tre.
🏠 Diện tích: 197.8m2, ngang 8m, 100% thổ cư.
⛳ Cách bùng binh Mũ chỉ 150m, khu dân cư đông đúc.
🎯 Phù hợp để ở hoặc đầu tư.
💰 Giá bán: 1.3 tỷ (TL chủ)",198 m2,"6,57 triệu/m2",Đông Bắc,Đã có sổ,Nở hậu,Đất thổ cư,8 m,9 m,3 phòng,2 phòng,"Nhà mặt phố, mặt tiền",Nội thất đầy đủ,45 m²,Đã bàn giao,67 m²,Chung cư,4,,,,,,,
🔰BÁN GẤP NHÀ 2 LẦU XÂY MỚI 100% - Đ.PHAN HUY CHÚ,"4,6 tỷ- 70 m2",- 70 m2,"Đường Phan Huy Chú, Phường An Khánh, Quận Ninh Kiều, Cần Thơ","--CHỦ KẸT TIỀN GIẢM NGAY 400 TRIỆU--

NHÀ MỚI XÂY 1 TRỆT 2 LẦU CỔ ĐIỂN - MẶT TIỀN ĐƯỜNG PHAN HUY CHÚ - CÁCH CHỢ AN KHÁNH CHỈ 80M 

- Diện tích: 5m x 14m = 70m2. DTSD = 210m2 
- Pháp lý thổ cư 100%, sổ hồng hoàn công
- Hướng Tây Nam
- Lộ giới 12m (3-6-3)
- Kết cấu nhà gồm: 1P khách, 4P ngủ rộng, Nhà bếp + 4Wc, sân sau + ban công thoáng mát, nhà thiết kế cổ điển cao cấp.
- Vị trí nhà rất đẹp nằm trên mặt tiền đường thông thoáng. Cách Chợ An Khánh chỉ 80m, UBND-CAND chỉ 150m, đại học Y Dược 300m, trướng cấp 1,2,3 chỉ 200m, tiện ích đầy đủ.
- Giá Cũ: 5 tỉ
- Giá Mới: 4 tỉ 600 triệu",70 m²,"65,71 triệu/m²",Tây Nam,Đã có sổ,Hẻm xe hơi,Đất thổ cư,5 m,14 m,4 phòng,4 phòng,"Nhà mặt phố, mặt tiền",Hoàn thiện cơ bản,210 m²,Đã bàn giao,67 m²,Chung cư,2,,,,,,,
"Nhà hẻm 171 Lý Thái Tổ ,Tân Lợi.BMT","5,7 tỷ- 215 m2",- 215 m2,"Đường Lý Thái Tổ, Phường Tân Lợi, Thành phố Buôn Ma Thuột, Đắk Lắk","Nhà mê 171 Lý Thái Tổ hướng Tây Nam
Ngay Nguyễn hữu thọ
9.3 x 28 nở hậu 12 chữ L
Hẻm thông hà huy tập 2 xe tải né nhau 
Gồm:
+ 3 phòng ngủ 
+ 1 phòng khách 
+ 1 phòng thờ
+ 2 wc
+ sân để ôtô rộng 
+ giàn lan + bể cá coi + hòn non bộ...
Gần metro - coopmart - công an Tp- làng CF 

--------------------------------------------- 
Giá 5tỷ7",215 m²,"26,51 triệu/m²",Tây Nam,Đã có sổ,Nở hậu,Đất thổ cư,9 m,28 m,3 phòng,2 phòng,"Nhà ngõ, hẻm",Hoàn thiện cơ bản,215 m²,Đã bàn giao,67 m²,Chung cư,2,,,,,,,
Siêu phẩm nhà Vĩnh Quỳnh 40m2 Ôtô vào nhà 2.3 tỷ,"2,3 tỷ- 40 m2",- 40 m2,"Vĩnh Quỳnh, Xã Ngọc Hồi, Huyện Thanh Trì, Hà Nội","Bán nhà Vĩnh Quỳnh-Thanh Trì 40m2 phân lô Ôtô vào nhà,kinh doanh sầm uất giá 2.3 tỷ
-Vị trí trước nhà đẹp thông thoáng,nằm trong khu phân lô,ô tô vào nhà.
-Khu vực dân cư đông đúc,kinh doanh sầm uất.An ninh tốt,hàng xóm láng giềng thân thiện
-Cách đường quốc lộ 1a 300m,giao thông kết nối Ngọc Hồi,Đại Áng,Tứ Hiệp
+ Chủ xây cực kỳ chắc chắn,thiết kết 5 tầng
Tầng 1: Gara + phòng khách + bếp + WC.
Tầng 2,3,4: Mỗi tầng 2 phòng ngủ + WC.
Tầng 5: Phòng thờ + sân phơi. 
+ Sổ đỏ chính chủ,sẵn sàng giao dịch
+Giá: 2.3 tỷ có thương lượng",40 m²,"57,5 triệu/m²",Tây Nam,Đã có sổ,Hẻm xe hơi,Đất thổ cư,9 m,28 m,4 phòng,3 phòng,"Nhà ngõ, hẻm",Nội thất đầy đủ,40 m²,Đã bàn giao,67 m²,Chung cư,5,,,,,,,
"Bán nhà mặt tiền chợ Hoàng Hoa Thám, p13, qTB",24 tỷ- 74.4 m2,- 74.4 m2,"Đường Hoàng Hoa Thám, Phường 13, Quận Tân Bình, Tp Hồ Chí Minh","Ngang 4x18,6 nhà 3 lầu (đường 12m, lề 6m)
Khu VIP Tân Bình tập trung nhiều tiện ích gồm: trục chính nhà ga sân bay T3 (600m), nhà ga Metro Nguyễn Hồng Đào (400m), sát chợ Hoàng Hoa Thám (10m), ngân hàng, trường học, bệnh viện,...
Khu vực rất hiếm nhà bán, tiện ở hoặc cho thuê (hiện đang cho thuê một phần mặt tiền tầng trệt giá 25tr/ tháng)
Giá 24tỷ (thương lượng nhẹ)
Miễn tiếp đăng quảng cáo",74.4 m²,"324,32 triệu/m²",Đông Nam,Đã có sổ,Hẻm xe hơi,Đất thổ cư,4 m,18.6 m,6 phòng,3 phòng,"Nhà mặt phố, mặt tiền",Nội thất đầy đủ,198 m²,Đã bàn giao,67 m²,Chung cư,5,,,,,,,
1TRỆT 2 LẦU 3 PHÒNG NGỦ 1 PHÒNG TẬP GYM 3WC,"3,65 tỷ- 33 m2",- 33 m2,"Đường Số 3, Phường 9, Quận Gò Vấp, Tp Hồ Chí Minh","NHÀ BÁN ĐS 3, P9, Gò Vấp
🍎DT: 3 m nở hậu 3,10 m x 11 m 
🍏1 trệt 2 lầu 3 phòng ngủ 3 wc 1 p tập GYM
Bếp - phòng khách đẹp full toàn nội thất trong nhà
🍎Tặng : 1 máy giặt - 1 máy sấy - 3 máy lạnh - 1 tủ lạnh - tivi 55in giường - bàn phấn- bàn Sofa - bàn ăn bếp - máy tập thể dục - cầu thang ốp gỗ và vàng v v ( nhà y như hình)
💰Giá 3 tỷ 650tr bớt Lộc",33 m²,"110,61 triệu/m²",Đông Nam,Đã có sổ,Nở hậu,Đất thổ cư,3 m,11 m,3 phòng,3 phòng,"Nhà ngõ, hẻm",Nội thất cao cấp,99 m²,Đã bàn giao,67 m²,Chung cư,5,,,,,,,
Bán nhà 90m gần ngay Bệnh Viện Nhi Đồng 3,950 triệu- 90 m2,- 90 m2,"36, Đường Trương Văn Đa, Xã Tân Nhựt, Huyện Bình Chánh, Tp Hồ Chí Minh",Tôi chính chủ cần bán căn nhà mặt tiền đường Trương Văn Đa. Sát ngay bệnh Viện Nhi Đồng 3. Gần đường Võ Trần Trí. Đi tới quận 1 chỉ mất 35p hướng đường Võ Văn Kiệt.,90 m²,"10,56 triệu/m²",Đông Bắc,Đã có sổ,Hẻm xe hơi,Đất thổ cư,5 m,18 m,2 phòng,1 phòng,"Nhà mặt phố, mặt tiền",Nội thất cao cấp,70 m²,Đã bàn giao,67 m²,Chung cư,5,,,,,,,
Nhà như hình đường 8m 2 lầu đúc thật dt 4x13m,"4,5 tỷ- 52 m2",- 52 m2,"Đường Nguyễn Quý Yêm, Phường An Lạc, Quận Bình Tân, Tp Hồ Chí Minh","đường Nguyễn Quý Yêm an lạc bình tân 

nhà mới như hình Nhà mới xây xong 2019
hẻm xe hơi 8m thông ra đại lộ Võ Văn Kiệt , bùi tư toàn , Lê cơ...
gần siêu thị nhật bến xe miền tây bệnh viện Triều An 5ph đi xe máy 
gần Trường học cấp 1.2.3 100m 
Trệt 2 lầu đúc BTCT 4 phòng ngủ 3 toilet vào ở liền 
Diện tích 4x13m xây dựng đủ KHÔNG LỘ GIỚI
Sổ hồng hoàn công , pháp lý rõ ràng
Giá 4tỷ 500 triệu thương lượng",52 m²,"86,54 triệu/m²",Đông Bắc,Đã có sổ,Hẻm xe hơi,Đất thổ cư,5 m,18 m,4 phòng,5 phòng,"Nhà ngõ, hẻm",Nội thất cao cấp,70 m²,Đã bàn giao,67 m²,Chung cư,5,,,,,,,
"Bán nhà nhỏ 1t1 lầu hẻm đường 475 PLB Q9 2,1tỷ","2,1 tỷ- 27 m2",- 27 m2,"Đường 475, Phường Phước Long B, Quận 9, Tp Hồ Chí Minh","Bán nhà 1 trệt 1 lầu 2pn hẻm xe máy chánh nhau đường 475 phước long B,q9 tp thủ đức.
- diện tích 26m đang sư dụng.sàn sư dụng 50m.hướng tây nam.
- ngay khu trung tâm phước long B,q9 nên đầy đủ mọi tiện ích bán kính 1km ko thiếu thứ gì.
- giá bán nhanh trước tết : 2tỷ100 có thương lượng bớt lộc cho khách hàng thiện chí.
- a chị xem nhà liên hệ em",27 m²,"77,78 triệu/m²",Đông Bắc,Đã có sổ,Hẻm xe hơi,Đất thổ cư,3 m,9 m,2 phòng,2 phòng,"Nhà ngõ, hẻm",Nội thất cao cấp,40 m²,Đã bàn giao,67 m²,Chung cư,5,,,,,,,
ĐẤT NÔNG NGHIỆP MẶT TIỀN KÊNH ĐT 818 1000m2,550 triệu- 1.000 m2,- 1.000 m2,"Đường ĐT 818, Xã Tân Thành, Huyện Thủ Thừa, Long An","Mục đích sử dụng đất trồng cây hàng năm 
 * chuyển thổ 500m xây nhà 
Vị trí: Đất cách huyện đội trường học 3km, ủy ban xã Tân Thành 4km, ra Quốc Lộ 10km.

 * Tiện ích; ven Song view đẹp đã có điện nước , Wi-Fi đầy đủ
* thích hợp xây nhà , khu nghĩ dưỡng làm vườn trồng cây ăn trái 
Diện tích 1000m2
Giá bán; 550tr 1 sổ hồng riêng

 còn nhiều nên xem tham khảo",1000 m2,550.000 đ/m2,Đông Bắc,Đã có sổ,Hẻm xe hơi,Đất nông nghiệp,11 m,88 m,2 phòng,2 phòng,"Nhà ngõ, hẻm",Nội thất cao cấp,40 m²,Đã bàn giao,67 m²,Chung cư,5,,,,,,,
"Kẹt tiền bán nhà nát đường Thành Thái, Q. 10","1,12 tỷ- 62 m2",- 62 m2,"Đường Thành Thái, Phường 15, Quận 10, Tp Hồ Chí Minh","Chú Tư cần bán gấp nhà nát đường Thành Thái, P. 15, Q. 10 nhà nát lấy đất.
Diện tích: 62m2 ngang 5m dài 12.4m vuông vức, cực đẹp.
Hẻm xe hơi 8m chạy đậu trước nhà luôn anh (chị).
Nhà nát nên chủ yếu lấy đất để xây mới, có sổ hồng từ 2002.
Tiện di chuyển về các quận trung tâm 1,3.
Nhà nằm khu dân cư hiện hữu, lâu năm nên mọi người thân thiện, sống giúp đỡ lẫn nhau.
Khu vực sầm uất, gần siêu thị mini, trường học các cấp, bệnh viện..
Cung đường tiện kinh doanh, cho thuê, mua đầu tư sinh lời cao.
Miễn cò lái, trung gian.
Liên hệ:Cô Thơ để xem và thương lượng giá.",62 m²,"18,06 triệu/m²",Đông Bắc,Đã có sổ,Hẻm xe hơi,Đất nông nghiệp,5 m,12 m,2 phòng,1 phòng,"Nhà ngõ, hẻm",Nội thất cao cấp,60 m²,Đã bàn giao,67 m²,Chung cư,5,,,,,,,
"Đất đẹp nghỉ dưỡng Huyện Di Linh 5.400m² , có sổ","4,5 tỷ- 5.400 m2",- 5.400 m2,"Thôn Lộc Châu 2, Xã Tân Nghĩa, Huyện Di Linh, Lâm Đồng","đất đẹp tại Tân Nghĩa , bằng phẳng nhất vùng , gần hồ Thủy điện , 2 mặt tiền trên dưới hướng Bắc- Nam , gần các khu sinh thái nghỉ dưỡng đang đầu tư , thích hợp xây biệt thự nghỉ dưởng hay trồng cây đều được .",5400 m²,833.333 đ/m²,Bắc,Đã có sổ,Nở hậu,Đất nông nghiệp,50 m,100 m,2 phòng,1 phòng,"Nhà ngõ, hẻm",Nội thất cao cấp,60 m²,Đã bàn giao,67 m²,Chung cư,5,,,,,,,
"Bán nhà 1t3l, Mt Đường số 160, tnpa, Q9","7,5 tỷ- 93 m2",- 93 m2,"Đường 160, Phường Tăng Nhơn Phú A, Quận 9, Tp Hồ Chí Minh","Nhà đang ở cần chuyển sang chổ ở mới nên bán cho khách thiện chí.
Nhà 1 trệt 2 lầu, 1 tùm có 4pn, 3wc, sân xe hơi 7 chổ, sân phơi đồ. Nhà ở lâu năm không thấm dột.
Khu dân cư trí thức, không ngập.
Diện tích 93m2 có 80m2 thổ cư, ngang 4,5m.
Hướng Đông Nam.
Giá 7,5 tỷ thương lượng chính chủ.
Liên hệ để xem nhà.
* Vui lòng vào Trang cá nhân để tìm sản phẩm phù hợp*",93 m²,"80,65 triệu/m²",Đông Nam,Đã có sổ,Nở hậu,Đất nông nghiệp,450 m,2100 m,4 phòng,3 phòng,"Nhà mặt phố, mặt tiền",Nội thất đầy đủ,93 m²,Đã bàn giao,67 m²,Chung cư,5,,,,,,,
Bán Gấp Nhà 320Triệu Tại Nguyễn Văn Bứa Hóc Môn,320 triệu- 75 m2,- 75 m2,Đường Nguyễn Văn Bứa,"Dự án: Bấn Gấp Nhà C4 Ở Nguyễn Văn Bứa Hóc Môn.
 Thông tin chi tiết: Cần bán gấp Nhà C4 này để trả nợ 
Nhà Đã xây đc 2 năm
Tiện Ích đầy đủ , gần chợ,bệnh viện, trường học 
Điện nước đầy đủ , dùng nước máy 
Nhà cuối đường nguyễn văn bứa gần cầu lớn hóc môn 
ggần cụm khu công nghiệp nhị xuân
Giá 320 triệu còn thương lượng
kb gửi sổ cho .",75 m²,"4,27 triệu/m²",Đông Nam,Đã có sổ,Hẻm xe hơi,Đất nông nghiệp,5 m,15 m,2 phòng,2 phòng,"Nhà mặt phố, mặt tiền",Nội thất đầy đủ,75 m²,Đã bàn giao,67 m²,Chung cư,5,,,,,,,
"Đất thổ 103m2, Nguyễn Ảnh Thủ vào 100m, Q.12","4,39 tỷ- 103 m2",- 103 m2,"Đường Nguyễn Ảnh Thủ, Phường Tân Chánh Hiệp, Quận 12, Tp Hồ Chí Minh","- Diện tích: 103m2 (~ 5m x 21m), công nhận hết

- Hướng Đông Nam

- Đất lọt khe 2 bên đã xây dựng nhà lầu

- Khu vực đã xây hết nhà lầu, khu dân cư yên tĩnh, an ninh

- Đường Nguyễn Ảnh Thủ vào đường nhựa rộng cách khoảng 100m

- Đường xe tải

- Vị trí thuận tiện, gần chợ, trường học, UBND phường, đầy đủ tiện ích xung quanh

- Thích hợp để xây phòng trọ, nhà trẻ, ...

- Giá: 4 tỷ 390 triệu

- Giấy tờ đầy đủ sổ hồng

- Liên hệ để xem đất (chính chủ)",103 m2,"42,62 triệu/m2",Đông Nam,Đã có sổ,Hẻm xe hơi,Đất thổ cư,5 m,21 m,2 phòng,2 phòng,"Nhà mặt phố, mặt tiền",Nội thất đầy đủ,75 m²,Đã bàn giao,67 m²,Chung cư,5,,,,,,,
Bán nhà 1 trệt 2 lầu khu Lâu Đài Vàng Lái Thiêu,"3,95 tỷ- 82.4 m2",- 82.4 m2,"A174B, Đường Bình Đức 2, Phường Lái Thiêu, Thị xã Thuận An, Bình Dương","Bán nhà chính chủ 1 trệt 2 lầu khu Lâu Đài Vàng Lái Thiêu, Thuận An. Nhà có 4 phòng ngủ, 4 wc, 1 phòng thờ, 1 phòng khách, có giếng trời, có sân phơi đồ trên tầng 2, có sân để xe oto 7 chỗ và thêm vài chiếc xe máy, đường trước nhà 4m xe ben vô được. Nhà đầy đủ nội thất chỉ dọn vô là ở thôi, nhà ngân hàng hổ trợ vay 2,5 tỷ",82.4 m²,"48,17 triệu/m²",Đông Nam,Đã có sổ,Hẻm xe hơi,Đất thổ cư,5 m,16.4 m,4 phòng,4 phòng,"Nhà ngõ, hẻm",Nội thất đầy đủ,180 m²,Đã bàn giao,67 m²,Chung cư,2,,,,,,,
"Bán đất Q12, Xe hơi Hiệp thành 01, 61m2(4x15.5m)","2,58 tỷ- 61 m2",- 61 m2,"Hiệp Thành 01, Phường Hiệp Thành, Quận 12, Tp Hồ Chí Minh","MS(42009) 
Bán lô đất Q12 - Xe hơi - Hiệp Thành 01
- Diện tích: 4m x 15.5m, công nhận 61m2. 
- Đất đã chuyển hình thức lên thổ cư 100%, thuận tiện mua ở hoặc đầu tư kinh doanh. 
- Hẻm betong 5m xe hơi di chuyển dễ dàng
Giá: 2.580 Tỷ TL (Hướng Bắc - Sổ hồng riêng chính chủ). ACE có nhu cầu liên hệ ngay. Cảm ơn!",61 m2,"42,3 triệu/m2",Bắc,Đã có sổ,Nở hậu,Đất thổ cư,4 m,15.5 m,4 phòng,4 phòng,"Nhà ngõ, hẻm",Nội thất đầy đủ,180 m²,Đã bàn giao,67 m²,Chung cư,2,,,,,,,
Bán nhà 124/14/15 Võ Văn Hát quận 9,"4,2 tỷ- 53 m2",- 53 m2,"124/14/15, Đường Võ Văn Hát, Phường Long Trường, Quận 9, Tp Hồ Chí Minh","Bán nhà 124 /14/15 Võ Văn Hát, gần khu công nghệ cao, Đúc 4 tấm, xe 7 chỗ vào tận trong nhà , thuộc đất dự án cơ sở hạ tầng hoàn chỉnh, đường 8m 2 xe tránh nhau thoải mái , rất tiện cho di chuyển vào trung tâm Sài Gòn hay các tỉnh bằng xe hơi mà không kẹt xe, giá 4.2 tỷ liên hệ ( không tiếp đăng tin quảng cáo. có chi phí cho môi giới đàng hoàng",53 m²,"79,25 triệu/m²",Đông,Đã có sổ,Nở hậu,Đất thổ cư,4 m,13 m,5 phòng,4 phòng,Nhà phố liền kề,Nội thất đầy đủ,180 m²,Đã bàn giao,67 m²,Chung cư,4,Dự án Tín Hưng,124/14/15,,,,,
"Chỉ 2,9 tỷ có nhà mặt ngõ thông, 2 ô tô tránh, KD","2,9 tỷ- 34 m2",- 34 m2,"Đường Kim Giang, Xã Thanh Liệt, Huyện Thanh Trì, Hà Nội","- Chủ nhà là hai vợ chồng trẻ nhà có lộc đã mua đất bên KĐT Linh Đàm giờ cần tiền xây nhà nên bán.
- Vị trí nhà mặt ngõ 2 ô tô tránh, ngõ thông, khách mua về kết hợp vừa ở vừa kinh doanh. Ngõ dân qua lại tấp nập, buôn bán gì cũng sinh lời, nhà gần nhiều trường học từ mầm non đến cấp 3 bủa vây...gần bệnh viện,ngân hàng
- Nhà xây kiên cố khung cột bê tông chắc chắn, T1 phòng khách bếp và wc, T2,3 mỗi tầng 2 phòng ngủ và wc tổng có 4 phòng ngủ,T4 phòng thờ và sân phơi.
- Sổ đỏ chính chủ, vuông A4, công chứng ngay.
- Giá bán gấp, quá rẻ, chỉ 2.9 tỷ có bớt.
- Khách xem ngay mới còn.",34 m²,"85,29 triệu/m²",Đông,Đã có sổ,Hẻm xe hơi,Đất thổ cư,4 m,13 m,4 phòng,4 phòng,"Nhà ngõ, hẻm",Nội thất cao cấp,180 m²,Đã bàn giao,67 m²,Chung cư,4,Dự án Tín Hưng,124/14/15,,,,,
"Bán đất GIANG BIÊN,2 thoáng,plô,ôtô tránh,72m,MT5m","3,3 tỷ- 72 m2",- 72 m2,"Đường Giang Biên, Phường Giang Biên, Quận Long Biên, Hà Nội","+ Đất tại vị trí đắc địa Khu đô thị Giang Biên, nối thông với Phố Giang Biên, Kẻ Tạnh, Mai Chí Thọ, Khu đô thị Việt Hưng, Phúc Lợi, đường đê vàng.
+ Xung quanh đất là Chợ Quán Tình, Trường Tiểu học Giang Biên, THCS Chu Văn An Long Biên, UBND Phường Giang Biên.
+ Đất 2 mặt thoáng, phân lô, mặt tiền rộng(MT5m), ngõ thông bàn cờ, ô tô tránh xây nhà vừa ở vừa kinh doanh rất đẹp.
Sổ đỏ chính, giá 3,3 tỷ, miễn MG, TG.
Liên hệ Mrs Xuân Kiều, dẫn khách xem đất và tư vấn hoàn toàn miễn phí.",72 m2,"45,83 triệu/m2",Đông,Đã có sổ,Hẻm xe hơi,Đất thổ cư,5 m,13 m,4 phòng,4 phòng,"Nhà ngõ, hẻm",Nội thất cao cấp,180 m²,Đã bàn giao,67 m²,Chung cư,4,Dự án Tín Hưng,124/14/15,,,,,
"H6m thông Kênh 19/5, P.Sơn Kỳ,Q.Tân Phú 5x35","10,5 tỷ- 175 m2",- 175 m2,"kênh 19 tháng 5, Phường Sơn Kỳ, Quận Tân Phú, Tp Hồ Chí Minh","H6m thông Kênh 19/5, P.Sơn Kỳ,Q.Tân Phú

- Diện tích: 5x35, 1 lầu + cấp 4, đang cho thuê thu nhập ổn định 17tr . 

- Hẻm 6m thông khu nội bộ DC1,- CN 

- Vị trí : sát bên Chung Cư sơn kỳ , Celadon city, EAON Mail,....

- Hướng : Đông Bắc.

- Giá 10.5 tỷ( thương lượng chính chủ )

- Liên hệ: - Hạnh

- Địa chỉ : 23 Nguyễn Hữu Tiến, Tây Thạnh, Tân Phú, Tp.hcm

-",175 m²,60 triệu/m²,Đông Bắc,Đã có sổ,Hẻm xe hơi,Đất thổ cư,5 m,35 m,10 phòng,Nhiều hơn 6 phòng,"Nhà ngõ, hẻm",Nội thất cao cấp,198 m²,Đã bàn giao,67 m²,Chung cư,2,Dự án Tín Hưng,913,,,,,
"BÁN RẺ GẤP BIỆT THỰ SÂN VƯỜN Q2 GIÁ 3,5Tỷ, SỔRIÊNG","3,5 tỷ- 144 m2",- 144 m2,"Đường Quốc Hương, Phường Thảo Điền, Quận 2, Tp Hồ Chí Minh","- TÔI CẦN TIỀN BÁN NHANH BIỆT THỰ ĐƯỜNG QUỐC HƯƠNG, P THẢO ĐIỀN, Q2

- GIÁ 3,5Ty 

- Diện tích: 144m2 ( Đã có sổ)

- ĐƯỜNG TRƯỚC NHÀ 12M

- MIỄN TIẾP ANH/CHỊ CÒ LÁI MÔI GIỚI

- GỌI CHO TÔI ĐỂ XEM NHÀ VÀO BUỔI SÁNG",144 m²,"24,31 triệu/m²",Đông Bắc,Đã có sổ,Hẻm xe hơi,Đất thổ cư,8 m,18 m,4 phòng,3 phòng,Nhà biệt thự,Nội thất cao cấp,198 m²,Đã bàn giao,67 m²,Chung cư,2,Dự án Tín Hưng,913,,,,,
nhà cấp 4 MTNB T5 : 8x20. giá: 13.9 tỷ,"13,9 tỷ- 146 m2",- 146 m2,"Đường T5, Phường Tây Thạnh, Quận Tân Phú, Tp Hồ Chí Minh","Bán gấp Kho , cấp4 mặt tiền đường nội bộ T5, Tây Thạnh, Tân Phú 

- Diện tích: 8x20, sổ hồng chính chủ.

- hiện trang: kho cấp 4, cũ tiện xây mới.

- Đường nội bộ 14m. vỉ hè mỗi bên 3m.

- Vị trí. khu nội bộ bàn cờ, thông thoáng, yên tĩnh, gần trường cấp 1,2,3, ĐHCNTP, EAON MAIL 500m, KCN Tân Bình - KCN Vĩnh Lộc

- Thích hợp ở, vp cty, kho xưởng, nhà trọ cao cpấ cho thuê...

- Hướng : Tây Nam.

- Giá: 13.9 tỷ ( thương lượng)

- Liên hệ: - Lê Hạnh.

- Địa chỉ : 23 Nguyễn Hữu Tiến, Tây Thạnh, Tân Phú, tp.hcm.",146 m2,"95,21 triệu/m2",Tây Nam,Đã có sổ,Mặt tiền,Đất thổ cư,8 m,20 m,4 phòng,3 phòng,Nhà biệt thự,Nội thất cao cấp,198 m²,Đã bàn giao,67 m²,Chung cư,2,Dự án Tín Hưng,913,,,,,
"CHÍNH CHỦ BÁN HƠN 1 CÔNG ĐẤT LÚA , XÃ LẠC TẤN . TT","1,1 tỷ- 1.122 m2",- 1.122 m2,"Tân Trụ, Xã Lạc Tấn, Huyện Tân Trụ, Long An","Dự án: Tân Trụ.
 Thông tin chi tiết: Chính chủ bán 1 công đất lúa , diện tích 1122 m2 , ngang dài 13.5 x 85 nở hậu
Đất năm ngay khu đông dân cư ở hiện hữu, hàng xóm thân thiện
Thích hợp đầu tư hoặc xây nhà vườn để nghĩ dưỡng
Chính chủ cần bán , anh em môi giới hợp tác hh",1122 m2,980.392 đ/m2,Tây Nam,Đã có sổ,Hẻm xe hơi,Đất nông nghiệp,13.5 m,85 m,4 phòng,3 phòng,Nhà biệt thự,Nội thất cao cấp,198 m²,Đã bàn giao,67 m²,Chung cư,2,Dự án Tín Hưng,913,,,,,
"Bánđất lô góc phố NgôGiaTự,112m,mt 5.7m,giá 42tr/m","4,7 tỷ- 112 m2",- 112 m2,"Đường Ngô Gia Tự, Phường Việt Hưng, Quận Long Biên, Hà Nội","+ Chính chủ nhờ bán gấp mảnh đất đầu phố Ngô Gia Tự, Long Biên.
+ Đất lô góc, diện tích 112m2,mặt tiền 5.7m,đất vuông đẹp.
+ Đường vào nhà rộng, xe ba gác đỗ cửa,cách 15m ra đường ô tô tránh.
+ Khu vực quy hoạch ổn định, phù hợp mua đầu tư chia lô xây nhà bán.
+ Vị trí thoáng đẹp,các tiện ích quanh nhà như trường cấp 1,2 Đức Giang, chợ Việt Hưng,Ô Cách,bệnh viện Đức Giang,Bic C Long Biên…
+ An ninh đảm bảo, dân trí cao, môi trường thoáng sạch.
+ Sổ đỏ chính chủ, sẵn sàng giao dịch, chủ cần bán gấp.
+ Giá bán 4,7 tỷ (42 tr/m, có thương lượng).
+ Liên hệ xem đất miễn phí:Mr Hải ***, phục vụ 24/7.",112 m2,"41,96 triệu/m2",Tây Nam,Đã có sổ,Hẻm xe hơi,Đất thổ cư,5 m,85 m,4 phòng,3 phòng,Nhà biệt thự,Nội thất cao cấp,198 m²,Đã bàn giao,67 m²,Chung cư,2,Dự án Tín Hưng,913,,,,,
"Nhà 5 tầng,Mới xây,Gần ĐHKS.2,5 tỷ,Bán Gấp","2,5 tỷ- 33 m2",- 33 m2,"Đường Số 1, Phường Dương Nội, Quận Hà Đông, Hà Nội","- Nhà xây diện tích 33m2 x 5 tầng,Gần trường Đại Học Kiểm Sát ô tô đỗ cách 10m - ngõ thẳng, cực nông rộng 3m - vị trí đầu ngõ, lô góc 2 mặt đường thông thoáng
+ Khu vực dân trí cao, an ninh trật tự tuyệt đối an toàn.
+ Khu vực lượng sinh viên và người đi làm thuê nhà vô cùng đông đúc
- Thiết kế Hiện đại.
+Hướng ĐN
+Mặt tiền 3,3m:
+ Tầng 1: phòng khách + phòng bếp
+ Tầng 2: phòng ngủ +Wc
+ Tầng 3,4,: Mỗi tầng phòng ngủ rộng + WC.
+ Tầng 5: Phòng thờ + sân phơi.
- Sổ đỏ đầy đủ, sẵn sàng giao dịch.",33 m²,"75,76 triệu/m²",Đông Nam,Đã có sổ,Hẻm xe hơi,Đất thổ cư,5 m,85 m,3 phòng,3 phòng,"Nhà ngõ, hẻm",Nội thất cao cấp,198 m²,Đã bàn giao,67 m²,Chung cư,2,Dự án Tín Hưng,913,,,,,
"Đất đẹp gần Big C dĩ, Bình Dương, dt 87m2 giá 2,78","2,78 tỷ- 87 m2",- 87 m2,"Đường Võ Thị Sáu, Phường Đông Hòa, Thị xã Dĩ An, Bình Dương","Sau Bigc. 2 mặt tiền trước sau. Tp Dĩ An
Cực chất. 
Hẻm Võ Thị Sáu 1 xẹt. Ôtô quay đầu. 
Đường nhựa 6m, cách Võ Thị Sáu 90m
Diện tích 87m2 thổ cư 60m2
Giá mềm:2 tỷ 780 tr
Lh",87 m2,"31,95 triệu/m2",Đông Nam,Đã có sổ,Hẻm xe hơi,Đất thổ cư,4 m,22 m,3 phòng,3 phòng,"Nhà ngõ, hẻm",Nội thất cao cấp,198 m²,Đã bàn giao,67 m²,Chung cư,2,Dự án Tín Hưng,913,,,,,
"VỞ NỢ BÁN NHÀ 1T1L BẠCH ĐẰNG, BT 55M2-1,2TY. SHR","1,2 tỷ- 55 m2",- 55 m2,"Đường Bạch Đằng, Phường 2, Quận Bình Thạnh, Tp Hồ Chí Minh","VỞ NỢ CẦN BÁN NHÀ 1T1L 55M2/1TY200TR, ĐƯỜNG BẠCH ĐẰNG QUẬN TÂN BÌNH, GÀN CHỢ BÀ CHIỂU,TIỆN Ở,KINH DOANH.
- Khu dân cư yên tĩnh.
- Dân trí cao, an ninh tuyệt đối.
- Sổ hồng riêng, sang tên trong ngày.
- Kẹt lắm nên mới bán chứ bán củng uổng lắm mong người thiện chí
- Diện tích: 55m2.
- Giá chỉ 1 tỷ 200triệu, bán gấp giá rẽ miễn thương lượng
- Tiện ở, kinh doanh, đầu tư sinh lời cao.
- Liên hệ trực tiếp LỘC
Cảm ơn anh chị xem tin.",55 m²,"21,82 triệu/m²",Đông Nam,Đã có sổ,Hẻm xe hơi,Đất thổ cư,5 m,11 m,3 phòng,3 phòng,"Nhà mặt phố, mặt tiền",Nội thất cao cấp,198 m²,Đã bàn giao,67 m²,Chung cư,1,Dự án Tín Hưng,913,,,,,
Đất sổ riêng. Trảng Bom 110m2,525 triệu- 110 m2,- 110 m2,"Đường Sông Thao||17413, Xã Hưng Thịnh, Huyện Trảng Bom, Đồng Nai","diện tích đất 5x22
sổ hồng riêng..
giá 525tr.... bớt tiền làm sổ sách hoặc bao sang tên cho khách thiện chí
đường bê tông thông thoáng..
cách qlo1a 500m... bán kính 1km đầy đủ tiện ích.. ủy ban và trường học xã Hưng Thịnh..
dân đông kính.. thuận lợi đầu tư hoặc xây nhà định cư...",110 m2,"4,77 triệu/m2",Đông Nam,Đã có sổ,Hẻm xe hơi,Đất thổ cư,5 m,22 m,3 phòng,3 phòng,"Nhà mặt phố, mặt tiền",Nội thất cao cấp,198 m²,Đã bàn giao,67 m²,Chung cư,1,Dự án Tín Hưng,913,,,,,
Về quê bán gấp chung cư gò dầu 2 Quận Tân Phú 2pn,"1,5 tỷ- 40 m2",- 40 m2,"Trương Vinh Ky, Phường Tân Quý, Quận Tân Phú, Tp Hồ Chí Minh","Kẹt tiền bán gấp căn chung cư gò dầu 2. Q.Tân phú lan ra Trương vĩnh Ký . rất thoáng mát . nhà vừa mới sửa sạch sẽ . vô là thích. ở ngay không cần sửa bất kỳ thứ gì. để lại nội thất .
 giá bán 1ty5 bớt lộc
 Lh 0846 191 879 gặp chính chủ",110 m2,"37,5 triệu/m²",Đông Bắc,Đã có sổ,Hẻm xe hơi,Đất thổ cư,5 m,22 m,2 phòng,1 phòng,"Nhà mặt phố, mặt tiền",Nội thất đầy đủ,198 m²,Đã bàn giao,40 m²,Chung cư,1,B,913,2,Nam,,,
"3 căn nhà liền kề Ấp Bình Tạo, Trung An",850 triệu- 64 m2,- 64 m2,"Ngô Gia Tự, Xã Trung An, Thành phố Mỹ Tho, Tiền Giang","Nhà đang xây dựng, giao nhà hoàn thiện trước Tết 
📍 Vị trí: Ấp Bình Tạo, Trung An
Cách Trường Chính Trị đúng 1km, đường Ngô Gia Tự.
🍀🍀🍀 3 căn liền kề - Nhà xây như hình
-Không gian sử dụng tối đa thoáng mát - 2 phòng ngủ)
-Trang thiết bị hiện đại cao cấp ( Gạch Bóng kính 60x60, Trần la phông Thạch cao, đèn led, hệ thống điện âm tường, cửa kính Cường lực,...)
- Diện tích: 65m2 ( 8x8m)
🎁 Quà tặng: Bộ tủ bếp khi nhà hoàn thiện trước Tết ÂL",64 m²,"13,28 triệu/m²",Tây,Đã có sổ,Hẻm xe hơi,Đất thổ cư,8 m,8 m,2 phòng,1 phòng,"Nhà ngõ, hẻm",Nội thất cao cấp,64 m²,Đã bàn giao,40 m²,Chung cư,1,B,913,2,Nam,,,
Đất Vườn Nhãn 2600m2 Cách Suối Nước Nóng 800m,"4,68 tỷ GIÁ TỐT- 2.600 m2", GIÁ TỐT,"Đường Quốc Lộ 55, Xã Bình Châu, Huyện Xuyên Mộc, Bà Rịa - Vũng Tàu","Bán lô đất đang trồng nhãn cách Suối Nước Nóng xã Bình Châu chỉ 800m

Diện tích 2600m2 (26x100) đất vuông vức rất đẹp, liền kề với nhà dân (có thể cắt theo nhu cầu)

Điện nước có sẵn, đường nhựa 8m đi liên xã

Đất hiện đang trồng nhãn, thu hoạch 2 mùa/năm, giống mới thơm ngọt cho năng suất cao; có thể đầu tư làm nhà vườn/biệt thự nghĩ dưỡng hoặc đầu tư lâu dài chốt lời

Giá bán cho nhà đầu tư 1.8 triệu/m2 (Còn thương lượng cho nhà đầu tư)

Liên hệ cho tôi Mr.Cường để nhận thông tin và đi xem vị trí đất",2600 m2,"1,8 triệu/m2",Tây,Đã có sổ,Mặt tiền,Đất thổ cư,26 m,100 m,2 phòng,1 phòng,"Nhà ngõ, hẻm",Nội thất cao cấp,64 m²,Đã bàn giao,40 m²,Chung cư,1,B,913,2,Nam,,,
Nhà Mặt tiền Phạm Văn Đồng kế bên GiGaMall Thủ Đức,"8,3 tỷ- 60 m2",- 60 m2,Đường Phạm Văn Đồng,"Dự án: nhà mặt tiền đường số Phạm Văn Đồng
Thông tin chi tiết: Bán nhà xây mới mặt tiền đường số Phạm Văn Đồng ngay Gigamall, Hiệp Bình Chánh, Thủ Đức
- Diện tích: 4,6x14 xây kiên cố 3 lầu, đặc biệt có lửng tối đa diện tích.
- Nội thất cao cấp, bảo hành 3 năm
- Sổ Hồng Riêng, ngân hàng hỗ trợ vay tối đa
- Kế bên trung tâm thương mại GiGAMall, ngã tư Bình Triệu nên di chuyển đến Quận 1, Bình Thạnh, Sân Bay, Quận 2 nhanh chóng
- mặt tiền có thể kinh doanh mọi ngành nghề, ở kết hợp văn phòng Công Ty, đầu tư cho thuê.
- Giá 8,52 tỷ
Alo Trúc xem nhà và nhận sổ
Cảm ơn đã đọc tin!",60 m²,"138,33 triệu/m²",Tây,Đã có sổ,Mặt tiền,Đất thổ cư,4 m,14 m,5 phòng,6 phòng,"Nhà mặt phố, mặt tiền",Nội thất cao cấp,210 m²,Đã bàn giao,40 m²,Chung cư,3,B,913,2,Nam,,,
Cần bán gấp đất khu dân cư Thị xã Thuận An,"1,35 tỷ- 64 m2",- 64 m2,"Đường Lê Thị Trung||16249, Phường An Phú, Thị xã Thuận An, Bình Dương","chủ cần Bán gấp lô đất thuộc khu dân cư An Phú Hưng nằm một xẹt đường An Phú 24 
- Cách vòng xoay An Phú 1,5km, chợ Đông Đô 500m, ngã Tư Miếu Ông Cù 2km.
- Giao thông thuận tiện từ Bình Chuẩn, Mỹ Phước-Tân Vạn hay trục đường chính ĐT 743.
- Cơ sở hạ tầng hoàn thiện.
- Đường lớn 6m, vỉa hè 2m5m.
👉 Sổ hồng riêng.
- Thổ cư 100%, xây dựng tự do.",64 m2,"21,09 triệu/m2",Đông Nam,Đã có sổ,Hẻm xe hơi,Đất thổ cư,5 m,12 m,5 phòng,6 phòng,"Nhà mặt phố, mặt tiền",Nội thất cao cấp,210 m²,Đã bàn giao,40 m²,Chung cư,3,Khu dân cư an phú hưng,913,2,Nam,,,
Chính Chủ Bán Gấp Nền Đất 44m2 Lại Hùng Cường,239 triệu- 44 m2,- 44 m2,"Đường Lại Hùng Cường, Xã Vĩnh Lộc B, Huyện Bình Chánh, Tp Hồ Chí Minh","- Hình Ảnh Thực Tế 
- Đất thuộc ấp 5 xã Vĩnh Lộc B , khu dân cư hiện hữu, đông đúc , đường Nhựa 6m thông thoáng .
- Giáp ranh quận Bình Tân Chỉ Mất 5 Phút đi xe máy , đường xá rộng rãi Tải vào tận đất , tiềm năng tăng giá nhanh và sinh lời cao, thích hợp mua đầu tư Kinh doanh hoặc xây ở .
- Hỗ Trợ Xây Dựng cho a/c có nhu cầu xây nhà ở
- Diện tích : 4x11m=44m2
- Giá bán 240 tr/nền 
- Chủ đứng tên sổ hồng ra công chứng sang tên
*** A/C thiện chí có nhu cầu mua đất liên hệ trực tiếp gặp Hạnh xem đất , giấy tờ thực tế .
- Cám ơn A/c đã xem tin",44 m2,"5,43 triệu/m2",Đông Nam,Đã có sổ,Mặt tiền,Đất nền dự án,4 m,11 m,5 phòng,6 phòng,"Nhà mặt phố, mặt tiền",Nội thất cao cấp,210 m²,Đã bàn giao,40 m²,Chung cư,3,Khu dân cư an phú hưng,913,2,Nam,C10,,
"Nhà mt Nguyễn Thị Minh Khai 5m giá chỉ 4,3 tỷ","4,3 tỷ- 110 m2",- 110 m2,"Đường Nguyễn Thị Minh Khai, Phường Thành Công, Thành phố Buôn Ma Thuột, Đắk Lắk","5×22 mặt tiền Nguyễn Thị Minh Khai _____________________________
💥 Toạ lạc trên trục Nguyễn Thị Minh Khai rộng 20m thuộc phố cũ buôn bán tấp nập và cực kì sầm uất.
💥 Diện tích – pháp lý
– 5×22 tổng 110m2
– Thổ cư 50m2
– Hướng : Nam
💥 Kết cấu nhà cấp 4 cũ ,phòng khách, bếp, 2 phòng ngủ, phòng vệ sinh .
👉 Phù hợp đầu tư, cho thuê hoặc xây nhà vừa ở vừa kinh doanh rất hợp lý trong tầm tiền.
______________________________
Giá chuyển nhượng: 4,3 tỷ ( còn bớt)
☎️: Mr Hịp

CÔNG TY CỔ PHẦN ĐẤT TỶ
Mỗi Vị Trí – Một Giá Trị
Đc: 198 Nguyễn Thị Minh Khai, Tp. BMT, Daklak.",110 m²,"39,09 triệu/m²",Nam,Đã có sổ,Mặt tiền,Đất nền dự án,5 m,22 m,2 phòng,2 phòng,"Nhà mặt phố, mặt tiền",Nội thất cao cấp,110 m²,Đã bàn giao,40 m²,Chung cư,3,Khu dân cư an phú hưng,913,2,Nam,C10,,
"Bán đất thổ cư mặt tiền hẻm 1127, Bình Chiểu, TĐ","1,35 tỷ- 51.26 m2",- 51.26 m2,"Đường Tỉnh lộ 43, Phường Bình Chiểu, Quận Thủ Đức, Tp Hồ Chí Minh","Cần bán lô đất thổ cư (chính chủ) có sổ hồng riêng, mặt tiền đường hẻm 1127 (rộng 5m) đường Tỉnh lộ 43, phường Bình Chiểu, Thủ Đức.
Lô B3 trên bản vẽ, mặt tiền hẻm 1127 (cách tỉnh lộ 43: 300m) - Chỉ còn 1 lô.
Chiết khấu 2% cho các bạn môi giới thành công.",51.26 m2,"26,47 triệu/m2",Nam,Đã có sổ,Hẻm xe hơi,Đất thổ cư,4.02 m,12.5 m,2 phòng,2 phòng,"Nhà mặt phố, mặt tiền",Nội thất cao cấp,110 m²,Đã bàn giao,40 m²,Chung cư,3,Khu dân cư an phú hưng,913,2,Nam,C10,,
"CHỐT NHANH LÔ MT MAI CHÍ THỌ, 60M²/ 730TR, SHR",730 triệu- 60 m2,- 60 m2,"Đường Mai Chí Thọ, Phường Bình Khánh, Quận 2, Tp Hồ Chí Minh","TÔI CHÍNH CHỦ CHỐT NHANH LÔ MT MAI CHÍ THỌ, 730TR/60M². SỔ HỒNG RIÊNG. 
Sang tên sổ trong ngày
Thổ cư 100%, xây dựng tự do, thoải mái. không bắ buộc. 
Gần chợ, trường học thích hợp các hộ gia đình định cư lâu dài, kinh doanh buôn bán
CHỐT NHANH. GIÁ KHÔNG THƯƠNG LƯỢNG
HỔ TRỢ NGÂN HÀNG",60 m2,"12,17 triệu/m2",Đông Nam,Đã có sổ,Mặt tiền,Đất thổ cư,5 m,12 m,2 phòng,2 phòng,"Nhà mặt phố, mặt tiền",Nội thất cao cấp,110 m²,Đã bàn giao,40 m²,Chung cư,3,Khu dân cư an phú hưng,913,2,Nam,C10,,
KẸT TIỀN BÁN GẤP NHÀ 1T1L Đ.ĐẶNG CHẤT Q8 S.H.RIÊNG,850 triệu- 40 m2,- 40 m2,"Đường Đặng Chất, Phường 4, Quận 8, Tp Hồ Chí Minh","- ĐANG KẸT TIỀN NÊN CẦN BÁN GẤP NHÀ ĐƯỜNG ĐẶNG CHẤT Q8 CÓ SỔ HỒNG RIÊNG ĐẦY ĐỦ. NỀN MÓNG VỮNG CHẮC ANH CHỊ EM VỀ Ở HOẶC CHO THUÊ MẶT BẰNG KINH DOANH THOẢI MÁI
- D/Tich 40m² = 4 X 10 , Thổ cư 100% , Sổ hồng hoàn công
- Nằm ngay khu vực dân cư đông đúc, mặt tiền đường rộng rãi, thuận tiện cho việc buôn bán kinh doanh
- Các tiện ích xung quanh : Nằm sát bên Chợ Rạch Ông, hàng ăn quán nước tấp nập, trường học đầy đủ từ cấp 1-3
- DO CẦN BÁN NHANH NÊN ANH CHỊ CÓ NHU CẦU MUA VUI LÒNG GỌI TRỰC TIẾP, MIỄN CÒ TRUNG GIAN. BỚT LỘC CHO NGƯỜI THIỆN CHÍ!!!!",40 m²,"21,25 triệu/m²",Đông Nam,Đã có sổ,Hẻm xe hơi,Đất thổ cư,4 m,10 m,2 phòng,2 phòng,"Nhà mặt phố, mặt tiền",Nội thất cao cấp,80 m²,Đã bàn giao,40 m²,Chung cư,3,Khu dân cư an phú hưng,913,2,Nam,C10,,
"KHÔNG TRẢ GIÁ ! NHÀ MT NGUYỄN THỊ ĐỊNH, 780TR/60M²",780 triệu- 60 m2,- 60 m2,"Đường Nguyễn Thị Định, Phường Cát Lái, Quận 2, Tp Hồ Chí Minh","CHÍNH CHỦ VỀ MỸ BÁN GẤP TRONG MÙA DỊCH NHÀ MT NGUYỄN THỊ ĐỊNH, 780TR/60M². 
Sổ trao tay, hiện Nhà nằm mt đường Nguyễn Thị Định. 1 lầu 1 trệt. Có sân đổ xe. Gần chợ, Cây Xoài. 
Thích hợp cho các hộ gia đình nhỏ định cư, buôn bán, kinh doanh
CHÍNH CHỦ BÁN GẤP TRONG ĐỢT DỊCH COVID
KHÔNG TIẾP CÒ, LÁI. 
GẶP MẶT TẠI NHÀ TRAO ĐỔI",60 m²,13 triệu/m²,Đông,Đã có sổ,Hẻm xe hơi,Đất thổ cư,5 m,12 m,2 phòng,2 phòng,"Nhà mặt phố, mặt tiền",Nội thất đầy đủ,60 m²,Đã bàn giao,40 m²,Chung cư,3,Khu dân cư an phú hưng,913,2,Nam,C10,,
"đất làm kho , xưởng nhỏ giá rẻ đường Hai Bà Trưng","4,4 tỷ- 240 m2",- 240 m2,"Đường Hai Bà Trưng, Phường Đông Hòa, Thị xã Dĩ An, Bình Dương","Cách Đường Hai Bà Trưng 100m 
Thuộc P đông Hoà - TP Dĩ An
Hẻm 6m , xe tải vào tận đất 
thích hợp là kho , xưởng nhỏ 
DT : 9 x 27. 240m2. Tc 140m2
Giá : 4ty400
Lh",240 m2,"18,33 triệu/m2",Nam,Đã có sổ,Hẻm xe hơi,Đất thổ cư,5 m,12 m,2 phòng,2 phòng,"Nhà mặt phố, mặt tiền",Nội thất đầy đủ,60 m²,Đã bàn giao,40 m²,Chung cư,3,Khu dân cư an phú hưng,913,2,Nam,C10,,
Bán nhà 3 tầng FULL nội thất trung tâm Thanh Khê,"6,5 tỷ- 100 m2",- 100 m2,"Đường Hà Huy Tập, Phường An Khê, Quận Thanh Khê, Đà Nẵng","Cần bán nhà để lại toàn bộ nội thất cao cấp y hình
Diện tích đất 100m2, xây dựng 3 tầng, 3 mê kiên cố
Vị trí: Nằm ngay mặt tiền đường 7.5m Lý Triện, An Khê, Thanh Khê
Công năng: 4 phòng ngủ, phòng khách, bếp, 3 toilet, phòng thờ, sân để ô tô cực rộng.
Ngay các tuyến đường lớn như Huy Tập, Huỳnh Ngọc Huệ, Điện Biên Phủ...
Khu vực gần với chợ, trường học, bệnh viện, cửa hàng Vinmak, cà phê, quán ăn...
Sổ hồng hoàn thiện
Liên hệ",100 m²,65 triệu/m²,Nam,Đã có sổ,Hẻm xe hơi,Đất thổ cư,5 m,12 m,4 phòng,3 phòng,"Nhà mặt phố, mặt tiền",Nội thất đầy đủ,60 m²,Đã bàn giao,40 m²,Chung cư,3,Khu dân cư an phú hưng,913,2,Nam,C10,,
"Nhà MỚI trệt 3 lầu , HXH Nguyễn Thái Sơn , 4.2*14","7,6 tỷ- 58.8 m2",- 58.8 m2,"nguyễn thái sơn, Phường 5, Quận Gò Vấp, Tp Hồ Chí Minh","-Nhà bán hẻm xe hơi Nguyễn Thái Sơn , phường 5 , quận Gò Vấp
-Diện tích : 4.2*14
-Trệt , 3 lầu sân thượng đúc kiên cố , gồm phòng khách , bếp , 5 phòng ngủ , 5 toilet , sân thượng trước và sau , 5 máy lạnh , tặng NỘI THẤT
-Hẻm xe hơi – khu quy hoạch hạ tầng cơ sở đồng bộ
-Hình ảnh thật của nhà – nhà chủ ở còn mới
-Giá bán : 7.6 tỷ , sổ hồng hoàn công đầy đủ
-Liên hệ Hải để xem nhà
-Cảm ơn .",58.8 m²,"131,03 triệu/m²",Đông Nam,Đã có sổ,Hẻm xe hơi,Đất thổ cư,4.2 m,14 m,5 phòng,5 phòng,"Nhà ngõ, hẻm",Nội thất đầy đủ,60 m²,Đã bàn giao,40 m²,Chung cư,4,Khu dân cư an phú hưng,913,2,Nam,C10,,
Click ngay!!! Để xem lô đất ai cũng thích này nhé!,438 triệu- 200 m2,- 200 m2,"QL22, Thị trấn Gò Dầu, Huyện Gò Dầu, Tây Ninh","Cần tiền trả nợ ngân hàng nên chủ đất cần ra nhanh gấp lô đất 1 xẹc nhựa lớn QL 22B, gần ngay Bệnh viện Xuyên Á Gò Dầu
- Diện tích đất: 5x40, có 80m2 thổ cư còn lại Cây lâu năm (CLN) được phép lên thổ cư
- Mặt tiền đường trước đất rộng 6m, đường thông. Có đèn đường, điện đầy đủ.
- Xung quanh là khu dân cư hiện hữu, người dân sinh sống, kinh doanh buôn bán đông đúc.
- Hiện trạng đất cao ráo, san lấp bằng phẳng. Đất vuông vứt, không xéo.
Lô đất có nhiều ưu điểm về vị trí, khí hậu cũng như giao thông thuận lợi để kết nối với các khu vực khác và tiện ích xung quanh như: Trường học cấp I,II,III, chợ, trung tâm mua sắm, bệnh viện Xuyên Á, Khu công nghiệp - Đô thị Phước Đông, KCN Thành Thành Công, Trung tâm hành chính huyện. chỉ trong bán kính 3km.
- Giá bán: 438 triệu/200m2. Bao chi phí sang tên.
LH trực tiếp qua SĐT để nhận được mức giá ưu đãi và tư vấn nhiệt tình .",200 m2,"2,19 triệu/m2",Tây Nam,Đã có sổ,Mặt tiền,Đất thổ cư,5 m,40 m,5 phòng,5 phòng,"Nhà ngõ, hẻm",Nội thất đầy đủ,60 m²,Đã bàn giao,40 m²,Chung cư,4,Bệnh viện Xuyên Á Tây Ninh,913,2,Nam,C10,,
Chính chủ đất trung tâm thị xã,550 triệu- 125 m2,- 125 m2,"Đường Nơ Trang Long, Phường Phú Thịnh, Thị xã Bình Long, Bình Phước","Tôi chính chủ cần bán đất trung tâm thị xã Bình long, diện tích 5x25 đất thổ cư SHR. ngay trung tâm trường học Cấp 1,2,3 chợ 1km.
nay có việc gia đình nên cần bán gấp vui lòng Lh Chính chủ O93.1188.878",125 m2,"4,4 triệu/m2",Tây Nam,Đã có sổ,Hẻm xe hơi,Đất thổ cư,5 m,25 m,5 phòng,5 phòng,"Nhà ngõ, hẻm",Nội thất đầy đủ,60 m²,Đã bàn giao,40 m²,Chung cư,4,Bệnh viện Xuyên Á Tây Ninh,913,2,Nam,C10,,
Bán đất HXH Đồng Khởi Biên Hoà 5x20m chỉ 890 trệu,890 triệu- 100 m2,- 100 m2,"đồng khởi, Phường Trảng Dài, Thành phố Biên Hòa, Đồng Nai","Bán đất HXH Đồng Khởi Biên Hoà 5x20m giá chỉ 890 triệu.

Gia đình chuyển về quê cần bán gấp lô đất gần mặt tiền Đồng Khởi phường Trảng Dài, Biên Hoà, ĐN:
Diện tích 100m2, vuông đẹp, đường 2 xe tải tránh nhau.
Vị trí rất đắc địa tiếp giáp các địa điểm sau:
- 60m ra mặt đường Đồng Khởi.
- 70m đến Bệnh Viện Da Liễu.
- 200m Khu công nghiệp Thạnh Phú
- 300m đến công ty Chengsin (lớn Đồng Nai).
- 500m đến UBND Phường Trảng Dài.
- 3km ra ngã 4 Tân Phong, trung tâm TP Biên Hoà.
Chính chủ bán đất mua từ 10 năm trước. Bớt lộc cho khách hiểu thị trường mua nhanh.
Điện thoại xem đất: Nghĩa TV ******",100 m2,"8,9 triệu/m2",Tây Nam,Giấy tờ khác,Hẻm xe hơi,Đất thổ cư,5 m,20 m,5 phòng,5 phòng,"Nhà ngõ, hẻm",Nội thất đầy đủ,60 m²,Đã bàn giao,40 m²,Chung cư,4,Bệnh viện Xuyên Á Tây Ninh,913,2,Nam,C10,,
"🔥 Nhà mới Hoàng Hoa Thám-Bình Thạnh, ~35m2, 3tỷx","3,65 tỷ- 35 m2",- 35 m2,"Đường Hoàng Hoa Thám, Phường 6, Quận Bình Thạnh, Tp Hồ Chí Minh","CẦN TIỀN BÁN GẤP TRONG NĂM NHÀ HOÀNG HOA THÁM - BÌNH THẠNH, ~35M2, CHỈ 3 TỶ NHỈNH.
GIÁ RẺ HƠN THỊ TRƯỜNG.

+ Diện tích: ~35m2.
+ Kết cấu: 1 Trệt, 1 Lầu, 2 PN, nhà 
+ Nhà xây dựng chắc chắn. Pháp lý đầy đủ. Công chứng ngay. 
+ Hẻm trước nhà thông thoáng. Bán kính 500m có Chợ Bà Chiểu, Bệnh viện Gia Định, khu Phan Xích Long...

Giá 3 Tỷ 65

Liên hệ ngay em Đạt (Zalo/ Đt) để được xem nhà.",35 m²,"104,29 triệu/m²",Tây Nam,Đã có sổ,Hẻm xe hơi,Đất thổ cư,5 m,20 m,2 phòng,2 phòng,"Nhà ngõ, hẻm",Nội thất đầy đủ,60 m²,Đã bàn giao,40 m²,Chung cư,4,Bệnh viện Xuyên Á Tây Ninh,913,2,Nam,C10,,
Bán nhà 2lầu hẻm 115 phạm hữu lầu q7,"5,6 tỷ- 70 m2",- 70 m2,"115/28, Đường Phạm Hữu Lầu, Phường Phú Mỹ, Quận 7, Tp Hồ Chí Minh","Bán nhà 2lầu sổ hồng riêng đã hoàn công đầy đủ (hệ thống nước trong nhà sử dụng 2 dàn nước nóng lạnh năng lượng mặt trời 300l)diện tích 8*12m công nhận đất thổ cư 70m2 hẻm 115 phạm hữu lầu q7 cách khu phú mỹ hưng 1km, gần chợ phước long trường mầm non phú mỹ, trường tiểu học và thcs phạm hữu lầu q7 khoảng 500m.giá bán:5.6tỷ",70 m²,80 triệu/m²,Bắc,Đã có sổ,Nở hậu,Đất thổ cư,8 m,12 m,5 phòng,4 phòng,"Nhà ngõ, hẻm",Nội thất đầy đủ,96 m²,Đã bàn giao,40 m²,Chung cư,4,Bệnh viện Xuyên Á Tây Ninh,913,2,Nam,C10,,
Xả hết gần tết chỉ 2xxtr có ngay đất ấp 1,285 triệu- 110 m2,- 110 m2,"Sông Trầu16, Xã Sông Trầu, Huyện Trảng Bom, Đồng Nai","📢📢📢Gần tết rùi chủ xả 2 lô đất ấp 6️⃣mặt tiền đường hiện hữu giá 150tr ngang 7m dài 16m
 Và 2 lô ấp 1️⃣ giá cực siêu rẻ giá không lời 1 đồng nào của khách luôn chỉ 2xxtr thui mà có ngay ngang 5 dài 22 vuông vức 
 🔴🔴SỔ HỒNG CÓ SẴN CÔNG CHỨNG CẦM SỔ NGAY TRONG NGÀY Ạ
 ➡️➡️ Cách quốc lộ 1a chỉ 800m.
 ⛔⛔ Khu công nghiệp Bàu Xéo chỉ 700m 1 đường thẳng chạy ra ngay KCN 
 Dân cư sầm uất.
 
 ✅ Trường mầm non cách đất chỉ 50m.
 Phù hợp cho Mua đầu tư, lướt sóng, xây nhà ở..
 ĐC: Ấp 1, sông trầu, trảng bom đồng nai
 Lh kb zalo e gửi thông tin trực tiêp em ngay số lượng rất ít ạ bao rẻ hơn thị trường 30tr - 50tr",110 m2,"2,59 triệu/m2",Bắc,Đã có sổ,Mặt tiền,Đất thổ cư,5 m,22 m,5 phòng,4 phòng,"Nhà ngõ, hẻm",Nội thất đầy đủ,96 m²,Đã bàn giao,40 m²,Chung cư,4,Bệnh viện Xuyên Á Tây Ninh,913,2,Nam,C10,,
Cần Bán Lô Đất Biệt Thự mặt tiền đường 10m5 lề 5m,"5,7 tỷ- 150 m2",- 150 m2,"Đường Phan Bá Vành, Phường Nại Hiên Đông, Quận Sơn Trà, Đà Nẵng","Cần bán lô đất mặt tiền đường 10m5 lề 5m Phan Bá Vành _ Nại Hiên Đông _ Quận Sơn Trà
Vị trí tọa lạc , nằm trong các khu biệt thự Villa
DTĐ : 150m. 10x15m ( Hướng Đông Nam )
Giá: 5tỷ7 làm việc chính chủ",150 m2,38 triệu/m2,Đông Nam,Đã có sổ,Mặt tiền,Đất thổ cư,10 m,15 m,5 phòng,4 phòng,"Nhà ngõ, hẻm",Nội thất đầy đủ,96 m²,Đã bàn giao,40 m²,Chung cư,4,Bệnh viện Xuyên Á Tây Ninh,913,2,Nam,C10,,
Tòa văn phòng 9 tầng. Trung tâm Hải Châu. Bán gấp,30 tỷ- 121 m2,- 121 m2,"Đường Núi Thành, Phường Hòa Thuận Đông, Quận Hải Châu, Đà Nẵng","Công ty cần tiền thanh khoản cuối năm bán gấp!!

- Bán Toà Nhà VP 8 tầng mặt tiền NÚI THÀNH trung tâm thành phố
- Diện tích: 152m2
- Hướng: Tây
- Vị trí: Đường 10m5, Nằm giữa Phan Thành Tài vs Duy Tân. 
- Giá bán : 30 tỉ

LIÊN HỆ: NHÀ ĐẤT PHƯỚC AN

NHÀ ĐẤT PHƯỚC AN - DÙNG TÂM NÂNG TẦM",121 m²,"247,93 triệu/m²",Tây,Đã có sổ,Mặt tiền,Đất thổ cư,6.5 m,20 m,9 phòng,Nhiều hơn 6 phòng,"Nhà mặt phố, mặt tiền",Nội thất đầy đủ,1300 m²,Đã bàn giao,40 m²,Chung cư,9,Bệnh viện Xuyên Á Tây Ninh,913,2,Nam,C10,,
Căn GÓC CC Gò Dầu 2 DT 76M 3PN Lầu 1 SHR,"1,98 tỷ GIÁ TỐT- 76 m2", GIÁ TỐT,"Đường Trương Vĩnh Ký, Phường Tân Sơn Nhì, Quận Tân Phú, Tp Hồ Chí Minh","+ Cần bán gấp căn hộ Gò Dầu 2 tọa lạc tại trung tâm Tân Phú, ngay ngã tư Tân SƠn Nhì và Trương Vĩnh Ký.

Thông tin chi tiết bên dưới:

+ Diện tích: 76M.

+ Thiết kế: 3 phòng ngủ riêng biệt có cửa sổ thoáng mát, 1 phòng khách có ban công, 1 phòng bếp, 1 nhà vệ sinh (Có thể cải tạo thành 2 nhà VS) 

+ Căn hộ nằm ở lầu 1 tiện đi lại, vị trí mát mẻ và yên tĩnh nhất chung cư, căn góc hai mặt thoáng, nhìn vào nội khu yên tĩnh và mát mẻ, bên cạnh là trường mầm non.

+ Hướng cửa: Tây Bắc.

+ Hướng ban công: Đông Bắc.

+ Vị trí đắc địa hứa hẹn tương lai sau này, xung quanh nhiều trường học, chợ, ngân hàng… Thuận tiện sinh hoạt. Di chuyển về các quận trung tâm cũng như ngoài thành trong 15 phút.

+ Pháp lý: Sổ hồng vĩnh viễn hổ trợ vay ngân hàng. Lãi suất ưu đãi 6.9% năm đầu về sau thả nỗi tầm 9.98%.

+ Dân cư hòa đồng, vui vẻ.

+ Khu vực an ninh 24/24. Gần ủy ban phường, công an phường. Là khu phố văn hóa.

+ Không tốn phí sinh hoạt nên rất tiết kiệm.

+ Phù hợp gia đình lớn làm việc ở trung tâm thành phố.

+ Giá 1.98 tỷ chốt bán. Có bớt chút xíu Lộc cho khách mua.

Quý khách có nhu cầu vui lòng liên hệ.

Xin chân thành cảm ơn.",121 m²,"26,05 triệu/m²",Tây Bắc,Đã có sổ,Mặt tiền,Đất thổ cư,6.5 m,20 m,3 phòng,1 phòng,"Nhà mặt phố, mặt tiền",Nội thất đầy đủ,1300 m²,Đã bàn giao,76 m²,Chung cư,9,Bệnh viện Xuyên Á Tây Ninh,913,1,Đông Bắc,C10,Căn góc,
"Nhà 4x10 trệt lầu, SHR Nguyễn Thị Kiểu Q12 giá rẻ","2,7 tỷ- 40 m2",- 40 m2,"Đường Nguyễn Thị Kiểu, Phường Hiệp Thành, Quận 12, Tp Hồ Chí Minh","📣Đảm bảo ko có căn nào dưới 3 tỷ vị trí đắc địa như thế này.
📣 Nhà Một trệt 1 lầu 1/ Nguyễn Thị Kiểu, p Hiệp Thành Q12 hẻm trước 3m. DT 4*10 CN 40m, xây dựng 36,5m, sử dụng 73m. 
NHÀ ĐANG LÀM SỔ MỚI, 25/1 RA SỔ,CÓ SỔ BÁN GIÁ KHÁC
Nhà gồm 2pn, 1 phòng thờ, 2WC. Nhà xây ở thiết kế tất cả đều bằng gỗ. Vị trí đắt đỏ Hiệp Thành, Q12, tiện ích đầy đủ.
Giá chốt 2 tỷ 7. Cọc 1 tháng công chứng sang tên trên sổ mới.
LH Nghĩa BĐS",40 m²,"67,5 triệu/m²",Tây,Đang chờ sổ,Mặt tiền,Đất thổ cư,4 m,10 m,2 phòng,2 phòng,"Nhà ngõ, hẻm",Hoàn thiện cơ bản,80 m²,Đã bàn giao,76 m²,Chung cư,2,Bệnh viện Xuyên Á Tây Ninh,913,1,Đông Bắc,C10,Căn góc,
"Nhà hẻm xe hơi đỗ cổng Thiên Phươc, P9, Tân Bình,","7,9 tỷ- 70 m2",- 70 m2,"Thiên Phước, Phường 9, Quận Tân Bình, Tp Hồ Chí Minh","Nhà hẻm xe hơi đỗ cổng Thiên Phươc, P9, Tân Bình, cần ra gấp.
- Sổ nở hậu L nhưng nhà xây vuông 56m2, 14m2 phần L thì làm sân.
- Nhà mới xây BTCT rất kiên cố theo kiến trúc hiện đạ, gia chủ chi hơn 2 tỷ xây nhà để ở nên rất kỳ công và vật liệu cao cấp, nội thất đắt tiền nhiều công năng làm từ GỖ QUÝ khách vào khỏi phải chê khi bề ngang trên 4m rất bề thế.
- Thiết kế 4 tầng, mỗi tầng 2 phòng ngủ.
- Vị trí nhà thuận tiện giao thông, khu vực giáp ranh Quận 10, Q11 đắc địa, nơi đây khó kiếm vị trí đất xấp xỉ 100 triệu/m thì rất hiếm.
- Khu dân trí văn minh yên tĩnh, không lo ngập nước, khu vực tiện nghi đủ điều như trung tâm thương mại, gần trường học Bách Khoa, Cấp 1-2-3..., bệnh viện... an sinh xã hội phúc lợi tốt.
- Dt: 4.3m x 13m, nở hậu L. Tổng 70m2.
- Giá: 7.9 tỷ, thương lượng.
► Quý khách có nhu cầu vui lòng gọi Ninh, để biết thêm chi tiết.
Trao niềm tin – Nhận sự hài lòng.",70 m²,"112,86 triệu/m²",Tây,Đã có sổ,Nở hậu,Đất thổ cư,4.3 m,13 m,6 phòng,5 phòng,"Nhà ngõ, hẻm",Hoàn thiện cơ bản,240 m²,Đã bàn giao,76 m²,Chung cư,4,Bệnh viện Xuyên Á Tây Ninh,913,1,Đông Bắc,C10,Căn góc,
"ĐẤT SỔ ĐỎ NGỌC HỒI, THANH TRÌ, 54M2, GIÁ 1.25 TỶ","1,25 tỷ- 54 m2",- 54 m2,"Đường Ngọc Hồi, Xã Ngọc Hồi, Huyện Thanh Trì, Hà Nội","+ Vị trí : Đội 8 NGỌC HỒI, 50m ra đường lớn, mặt ngõ thông các ngả QUỐC LỘ 1A, PHAN TRỌNG TUỆ, NGỌC HỒI...
+ Khu dân cư đông tấp nập, an ninh tốt, cách bệnh viện NÔNG NGHIỆP 1, CHỢ, KHU CÔNG NGHIỆP NGỌC HỒI 500m, trường tiểu học, cấp 1,2,3 sát ngay cạnh, Thuận tiện giao thông đi các tỉnh phía nam. 
+ Thanh Trì sắp lên Quận, cơ sở hạ tầng được đầu tư đồng bộ. Bất động sản Thanh Trì đang thu hút rất nhiều nhà đầu tư và dân tỉnh mua để ở. 
+ Thửa đất vuông đẹp, nở hậu. Mặt tiền rộng thênh thang. 
* Diện tích trên sổ là 53.7m2 nhưng thực đo là 51.5 m2. giá 1,25 tỷ có bớt lộc.
* Sổ đỏ chủ cất két, giao dịch nhanh trong ngày. 
+ Liên hệ Tín để được hỗ trợ miễn phí.",54 m2,"23,15 triệu/m2",Tây,Đã có sổ,Nở hậu,Đất thổ cư,5 m,13 m,6 phòng,5 phòng,"Nhà ngõ, hẻm",Hoàn thiện cơ bản,240 m²,Đã bàn giao,76 m²,Chung cư,4,Bệnh viện Xuyên Á Tây Ninh,913,1,Đông Bắc,C10,Căn góc,
Nhà đối diện trường tiểu học Phú Hòa 2 Thủ Dầu 1,2 tỷ- 75 m2,- 75 m2,"Đường Phú Lợi, Phường Phú Hòa, Thành phố Thủ Dầu Một, Bình Dương","Nhà phố Phường Phú Hoà, TP Thủ Dầu Một
Cho Thuê được 12 triệu / tháng
💵 GIÁ 2 tỷ xxx

🔹Đường nhựa 12m, Gần trường tiểu học Phú Hòa 2
🔹Nhà 1 trệt 2 lầu như hình, 4 phòng ngủ, phòng thờ, bếp, phòng khách, sân ô tô, sân thượng.
🔹Diện tích sàn 200m2, sổ hoàn công ngay khi nhận nhà
💫 Hỗ trợ vay Ngân hàng 70%, với lãi suất ưu đãi.
Anh Chị liên hệ : ( Phong QLSP)",75 m²,"26,67 triệu/m²",Đông,Đã có sổ,Nở hậu,Đất thổ cư,5 m,15 m,4 phòng,4 phòng,"Nhà mặt phố, mặt tiền",Nội thất đầy đủ,200 m²,Đã bàn giao,76 m²,Chung cư,2,Bệnh viện Xuyên Á Tây Ninh,913,1,Đông Bắc,C10,Căn góc,
Lô đất thổ cư Củ Chi đầy đủ giấy tờ sổ sách 130m2,"1,3 tỷ- 130 m2",- 130 m2,"đường 49, Xã Tân Phú Trung, Huyện Củ Chi, Tp Hồ Chí Minh","_ NÓI KHÔNG VỚI GIÁ ẢO, đất Củ Chi hiện nay giá tốt cũng phải 10tr đến 11tr/m2, chúng tôi cam kết đăng giá bán không ảo

_ Đất nền khu dân cư Tân Phú Trung huyện Củ Chi tiềm năng x2 x5 trong vòng 2 đến 5 năm cực lớn, với 33 dự án quy hoạch phát triển, rất tốt khi đầu tư hiện giờ. Diện tích từ 100 đến 170m2 gá từ 1tỷ300 đến 1tỷ600 (giá tốt khu vực, bao làm giấy tờ, thuế má từ a-z)

_ Khu đất nền nằm ngay khu dân cư hiện hữu, phía sau là trường mầm non và tiểu học Tân Thông Hội, sacombank v...v.... Gần đó còn có khu công nghiệp Tân Phú Trung rộng 590ha. Đường nhựa đi vào rộng 12m, đường bờ kênh 20m. Còn có sân golf & khu villa của tập đoàn vingroup đối diện

_ Tất cả đều có sổ, pháp lý đầy đủ

_ Khách có thiện chí muốn xem đất sẽ có xe 7 chỗ đưa đi (không phải xe 50 chỗ) ưng thì có thể tìm hiểu sâu hơn, không ưng vẫn đi về bình thường, đảm bảo không kì kèo làm trò mèo. Cảm ơn đã đọc tin",130 m2,10 triệu/m2,Đông,Đã có sổ,Mặt tiền,Đất thổ cư,5 m,26 m,4 phòng,4 phòng,"Nhà mặt phố, mặt tiền",Nội thất đầy đủ,200 m²,Đã bàn giao,76 m²,Chung cư,2,Bệnh viện Xuyên Á Tây Ninh,913,1,Đông Bắc,C10,Căn góc,
Cần Bán Gấp Đất 100m2 Gần Trường Tiểu Học Vĩnh Lộc,750 triệu- 100 m2,- 100 m2,"Đường Vĩnh Lộc, Xã Vĩnh Lộc A, Huyện Bình Chánh, Tp Hồ Chí Minh","- Gia Đình Tôi kẹt tiền đành bán lại lô đất nằm ở ấp 1 xã vĩnh lộc A Huyện Bình Chánh 

- Vị trí đẹp nằm trong khu dân cư đông đúc hiện hữu 

- Diện tích nền 5 x 20 

- Nay kẹt tiền nên tôi cần bán gấp giá 750 triệu

- Đường trước đất 5m , cách đường vĩnh lộc chỉ 500m xung quanh tiện ích đầy đủ , chợ ấp 1 , trường tiểu học vĩnh lộc 1 , bách hóa xanh , cách ủy ban chỉ 700m 

- Pháp lý đầy đủ mua bán sang tên công chứng 

- Có hỗ trợ xây dựng nhà cho anh chị có nhu cầu 

- Anh Chị xem đất liên hệ tôi sđt bên dưới",100 m2,"7,5 triệu/m2",Đông,Đã có sổ,Mặt tiền,Đất thổ cư,5 m,20 m,4 phòng,4 phòng,"Nhà mặt phố, mặt tiền",Nội thất đầy đủ,200 m²,Đã bàn giao,76 m²,Chung cư,2,Bệnh viện Xuyên Á Tây Ninh,913,1,Đông Bắc,C10,Căn góc,
Cần Bán Gấp Nhà ở,"4,3 tỷ- 162 m2",- 162 m2,"63, Đường Thống Nhất, Phường 10, Quận Gò Vấp, Tp Hồ Chí Minh","Dự án: Nhà ở Gò Vắp.
 Thông tin chi tiết: Cần bán gấp căn nhà cấp 3, 1 trệt 2 lầu, 3 phòng ngủ, 2 WC, sân phơi rộng rải, nhà còn rất mới. Thích hợp cho gia đình sử dụng ở.",162 m²,"26,54 triệu/m²",Đông Nam,Đã có sổ,Nở hậu,Đất thổ cư,4 m,14 m,3 phòng,2 phòng,"Nhà ngõ, hẻm",Nội thất đầy đủ,162 m²,Đã bàn giao,76 m²,Chung cư,2,A,A,1,Đông Bắc,C10,Căn góc,
"Cần ra 60.3m2 gần siêu thị AEON MALL Bình Tân, SHR","3,2 triệu- 60 m2",- 60 m2,"Đường Nguyễn Cửu Phú, Phường Tân Tạo A, Quận Bình Tân, Tp Hồ Chí Minh","Tôi cần xoay vốn nên để rẻ lô đất mặt tiền Nguyễn Cửu Phú ngang 4 dài 15, gần siêu thị Aeon mall
Từ ngoài mặt tiền vô 5 căn là tới đất thôi
Đường xe tải quay đầu
liên hệ gặp tôi
miễn trung gian",60 m2,53.333 đ/m2,Đông,Đã có sổ,Mặt tiền,Đất thổ cư,4 m,15 m,3 phòng,2 phòng,"Nhà ngõ, hẻm",Nội thất đầy đủ,162 m²,Đã bàn giao,76 m²,Chung cư,2,A,A,1,Đông Bắc,C10,Căn góc,
"Thuận lợi an cư lập nghiệp, hẻm xe hơi,nhà mới xây","1,3 tỷ- 100 m2",- 100 m2,"Đường An Phú Tây, Xã An Phú Tây, Huyện Bình Chánh, Tp Hồ Chí Minh","➡ Cần bán gấp nhà mới xây 1 trệt 1 lầu , 4 phòng ngủ, 2 nhà vệ sinh , kiến trúc hiện đại ,rộng rãi,... 
➡ Pháp lý : sổ hồng riêng ( sang tên công chứng trong ngày) 
➡ Tiện ích đầy đủ như : chợ , bệnh viện , trường học (cấp 1- cấp 3) , ủy ban ,.....
➡ Giá còn thương lượng, và sẽ có giá tốt cho anh chị có nhu cầu 
➡ Liên hệ ngay để xem nhà .thank.",100 m²,13 triệu/m²,Đông,Đã có sổ,Hẻm xe hơi,Đất thổ cư,5 m,20 m,4 phòng,2 phòng,"Nhà mặt phố, mặt tiền",Nội thất đầy đủ,100 m²,Đã bàn giao,76 m²,Chung cư,2,A,A,1,Đông Bắc,C10,Căn góc,
Đất 210m2(10x21m) Ngay Kp4 Tân Định Giá Chỉ 615tr,615 triệu- 210 m2,- 210 m2,"Đường D8, Phường Tân Định, Thị xã Bến Cát, Bình Dương","Hiện Tại Tôi đang có miếng đất 210m2(10x21m) ở ngay Khu Phố 4 Tân Định.Nay do làm ăn thua lỗ nên cần nhượng lại lô đất này.Giá cả còn thượng cho những anh/chị nào thiện chí mua
- Diện tích: 210m2( 10x21m) được tách thành 2 nền liền kề : 105m2(5x21m)

- Giá bán : 615 triệu/105m2.(Bao sổ sách giấy tờ)

- Sổ đỏ thổ cư 100%.

- Ngay sát chợ đang hoạt động, gần KCN Nhật - Hàn

- Cơ sở hạ tầng hoàn thiện 100%. Điện nước đã có, hệ thống đèn đường chiếu sáng, vỉa hè lát gạch.

- Mặt tiền đường nhựa 16m, thông dài ra KCN.

- Rất tiện kinh doanh buôn bán quán cơm, café,… hoặc xây nhà trọ, kiot cho thuê ngay.

- Hỗ trợ ngân hàng từ 40-70% cho những khách hàng tài chính yếu

- Liên hệ : Em Linh để được hỗ trợ nhiệt tình,vui vẻ",210 m2,"2,93 triệu/m2",Đông,Đã có sổ,Hẻm xe hơi,Đất thổ cư,10 m,21 m,4 phòng,2 phòng,"Nhà mặt phố, mặt tiền",Nội thất đầy đủ,100 m²,Đã bàn giao,76 m²,Chung cư,2,A,A,1,Đông Bắc,C10,Căn góc,
NHÀ PHẠM VĂN HAI P1 GẦN CHỢ .PVH 4.8 X 28 .CẤP 4,"12,7 tỷ- 118 m2",- 118 m2,"Đường Phạm Văn Hai, Phường 1, Quận Tân Bình, Tp Hồ Chí Minh","Bán nhà hẻm 6m Phạm Văn Hai p1 gần lê văn sỷ .chợ P.V.Hai..sân bay .CV hoàng văn thụ
 Nhà diện tích ngàn 4.8 x28 cấp 4 .sổ hồng
Giá 12.7 tỷ",118 m²,"107,63 triệu/m²",Đông,Đã có sổ,Hẻm xe hơi,Đất thổ cư,48 m,28 m,3 phòng,3 phòng,"Nhà ngõ, hẻm",Nội thất đầy đủ,118 m²,Đã bàn giao,76 m²,Chung cư,2,A,A,1,Đông Bắc,C10,Căn góc,
"Nhà đẹp hàng hiếm, 2 lầu cách Đỗ Xuân Hợp chỉ 100m","2,3 tỷ- 28 m2",- 28 m2,"Đường Số 359, Phường Phước Long B, Quận 9, Tp Hồ Chí Minh","🔥🔥🔥 Bán nhà nhỏ xinh cách Đỗ Xuân Hợp chỉ 100m, đường 359 P. Phước Long B, 15p lên đến thành phố Quận 1.
Thích hợp VC mới cưới.
DT công nhận 21,3m2, diện tích khuôn viên 28m2, tổng diện tích sàn xây dựng 56m2.
Nhà 1 trệt 1 lầu. Hẻm ba gác
 Hoàn công đầy đủ
Xung quanh bán kính 500m có đủ mọi thứ cần thiết.
❤Giá 2,3ty ( bớt lộc)
Liên hệ SĐT Đức Ngân xem nhà. ( Lv chính chủ)",28 m²,"82,14 triệu/m²",Đông,Đã có sổ,Nở hậu,Đất thổ cư,4 m,7 m,2 phòng,2 phòng,Nhà phố liền kề,Nội thất đầy đủ,56 m²,Đã bàn giao,76 m²,Chung cư,2,A,A,1,Đông Bắc,C10,Căn góc,
"Bán gấp trước tết, nhà Trần Cung, 36m2, 3.15 tỷ.","3,15 tỷ- 36 m2",- 36 m2,"Đường Trần Cung, Phường Cổ Nhuế 1, Quận Bắc Từ Liêm, Hà Nội","Bán gấp nhà đẹp Trần Cung 36m2, 4 tầng, MT 3.2m, giá 3.15 tỷ. Anh chị quan tâm hãy liên hệ cho tôi để được hỗ trợ tốt nhất 24/7, miễn trung gian môi giới.

Mô tả: 

+ Nhà chủ tự xây đẹp long trước nhà đang dự án mở đường và bảo tàng tương lai cực sáng. Chủ chờ dự án nhưng con học Am đi lại xa nên bán.

 + Thiết kế lệch tầng tổng 5 ngủ tầng 1 khách bếp gara xe máy rất công năng phù hợp đại gia đình hay đầu tư cho thuê cũng có tiền.

 + Ngõ Trần Cung ngay đầu Phạm Văn Đồng.

 + Sổ đẹp phát lý xịn sang tên luôn.Giao thông thuận tiện từ nhà ra phố, gần khu đô thị mới Tây Hồ Tây, gần bệnh viện, chợ, trường học.",36 m²,"87,5 triệu/m²",Đông,Đã có sổ,Nở hậu,Đất thổ cư,3 m,7 m,5 phòng,4 phòng,"Nhà ngõ, hẻm",Nội thất đầy đủ,36 m²,Đã bàn giao,76 m²,Chung cư,4,A,A,1,Đông Bắc,C10,Căn góc,
NHA CỦ MẶT TIỀN ĐƯỞNG SỐ 4....80m p5 Gò Vấp,"6,55 tỷ- 80 m2",- 80 m2,"18 đường sổ 4, Phường 5, Quận Gò Vấp, Tp Hồ Chí Minh","Mười thu.
Bán nhà đầu tư. !!!
Nhà củ mặt tiền đường số 4 phường 5go vấp. Cách phạm văn Đồng 200 m.đuong 6m..
4x19. 5. Trừ lộ giới còn 75 m2 sổ hồng mới. Kính doanh mới ngành nghề. Giá 6ty 550.",80 m²,"81,88 triệu/m²",Đông,Đã có sổ,Nở hậu,Đất thổ cư,4 m,20 m,2 phòng,1 phòng,"Nhà mặt phố, mặt tiền",Nội thất đầy đủ,120 m²,Đã bàn giao,76 m²,Chung cư,4,A,A,1,Đông Bắc,C10,Căn góc,
Nhà mặt tiền đường 30.4 . Chính chủ cần bán,"1,1 tỷ- 85 m2",- 85 m2,"Đường 30/4, Phường 2, Thành phố Sóc Trăng, Sóc Trăng","chính chủ cần bán 
nhà đẹp ngay góc mới xây 1 mặt tiền đường 1 mặt tiền hẻm . ngang 4 dài 20m có hàng rào đậu xe , 1 phòng khách 2 phòng ngủ , bếp, tolet , nhà cặp hẻm nên cửa sổ thoáng mát . đường đang chuẩn bị nâng cấp lộ nhựa .",85 m²,"12,94 triệu/m²",Đông,Đã có sổ,Nở hậu,Đất thổ cư,4 m,20 m,2 phòng,1 phòng,"Nhà ngõ, hẻm",Nội thất đầy đủ,85 m²,Đã bàn giao,76 m²,Chung cư,4,A,A,1,Đông Bắc,C10,Căn góc,
Nhà Đẹp Bình Tân bán GẤP nhà trả nợ giá 1tỷ19 SHR,"1,19 tỷ GIÁ TỐT- 25 m2", GIÁ TỐT,"Đường Tân Kỳ Tân Quý, Phường Bình Hưng Hòa, Quận Bình Tân, Tp Hồ Chí Minh","Nằm trong khu dân cư hiện hữu, đông đúc ngay chợ Liên Khu 5-6, mặt tiền thông thoáng kinh doanh mọi ngành nghề
Diện tích 5x5m 1 trệt 1 lầu
Vị trí đắc địa cuối đường Tân Kỳ Tân Quý nối dài, xung quanh nhà tiện ích đầy đủ từ trường học, chợ, siêu thị lớn nhỏ, khu vui chơi giải trí...
Sổ hồng riêng cầm tay, bao công chứng sang tên
Giá 1 tỷ 190 triệu. Có hoa hồng cho ace giới thiệu",25 m²,"47,6 triệu/m²",Đông,Đã có sổ,Hẻm xe hơi,Đất thổ cư,5 m,6 m,2 phòng,1 phòng,"Nhà mặt phố, mặt tiền",Nội thất đầy đủ,60 m²,Đã bàn giao,76 m²,Chung cư,4,A,A,1,Đông Bắc,C10,Căn góc,
Đất 150m2(6x25m) Ngay KP4 Tân ĐỊnh Dân Đông Kín,635 triệu- 150 m2,- 150 m2,"Quốc lộ 13, Phường Tân Định, Thị xã Bến Cát, Bình Dương","Hiện Tại Tôi đang có miếng đất 150m2(6x25m) ở ngay Khu Phố 4 Tân Định.Nay do làm ăn thua lỗ nên cần nhượng lại lô đất này.Giá cả còn thượng cho những anh/chị nào thiện chí mua
- Diện tích: 150m2( 6x25m)

- Giá bán : 635 triệu/nền.(Bao sổ sách giấy tờ)

- Sổ đỏ thổ cư 100%.

- Ngay sát chợ đang hoạt động, gần KCN Nhật - Hàn

- Cơ sở hạ tầng hoàn thiện 100%. Điện nước đã có, hệ thống đèn đường chiếu sáng, vỉa hè lát gạch.

- Mặt tiền đường nhựa 16m, thông dài ra KCN.

- Rất tiện kinh doanh buôn bán quán cơm, café,… hoặc xây nhà trọ, kiot cho thuê ngay.

- Hỗ trợ ngân hàng từ 40-70% cho những khách hàng tài chính yếu

- Liên hệ : Hùng để được hỗ trợ nhiệt tình,vui vẻ",150 m2,"4,23 triệu/m2",Đông,Đã có sổ,Hẻm xe hơi,Đất thổ cư,6 m,25 m,2 phòng,1 phòng,"Nhà mặt phố, mặt tiền",Nội thất đầy đủ,60 m²,Đã bàn giao,76 m²,Chung cư,4,A,A,1,Đông Bắc,C10,Căn góc,
Bán nhà sát Tân Chánh Hiệp,"2,9 tỷ- 44 m2",- 44 m2,"198, Đường Thới Tam Thôn, Xã Thới Tam Thôn, Huyện Hóc Môn, Tp Hồ Chí Minh","nhà sổ hồng riêng
Nhà sát Tân Chánh Hiệp, gần Dương Thị Mười 
Thuộc Thới Tam Thôn 
Dt 4*12
Một trệt một lau. Co 2 phong ngu
Đường ôtô tải 
- Nhà xây ở nên rất chắc chắn, khu dân cư đông thân thiện, bao quy hóch, thuốc khu dan cu hiện hữu 
Ra đường Nguyễn Ảnh Thủ tam 100m
Giá 2 ty 900tr",44 m²,"65,91 triệu/m²",Tây Bắc,Đã có sổ,Hẻm xe hơi,Đất thổ cư,4 m,12 m,2 phòng,2 phòng,"Nhà mặt phố, mặt tiền",Nội thất đầy đủ,88 m²,Đã bàn giao,76 m²,Chung cư,4,A,A,1,Đông Bắc,C10,Căn góc,
Bán gấp nhà 1T1L Ung Văn Khiêm BT SHR 64m2/1.22TY,"1,22 tỷ- 64 m2",- 64 m2,"Đường Ung Văn Khiêm, Phường 25, Quận Bình Thạnh, Tp Hồ Chí Minh","Mẹ tôi bệnh tiểu đường loại 2 cần tiền chạy chữa nên bán căn nhà không ở nữa ở đường Ung Văn Khiêm phường 25 quận Bình Thạnh.
Nhà còn mới, dọn về ở ngay và luôn
Diện tích 64m2 ngang 4 dài 15 nở hậu
Giá 1 tỷ 220 triệu thương lượng chút ít
Nội thất cơ bản, điện nước âm, hạ tầng hoàn thiện.
Khu vực an ninh, dân cư đông, hàng xóm thân thiện
Gần nhiều trường đại học, có thể cho sinh viên thuê trọ kiếm thêm
Xung quanh buôn bán sầm uất, người qua lại đông, có đầy đủ tiện ích như ngân hàng, bệnh viện, trường học các cấp.
Sổ hồng có đầy đủ, sang tên công chứng luôn
Anh chị quan tâm, xin liên hệ Phong để đi coi nhà trực tiếp
Miễn tiếp trung gian, môi giới.",64 m²,"19,06 triệu/m²",Đông Nam,Đã có sổ,Nở hậu,Đất thổ cư,4 m,15 m,3 phòng,3 phòng,"Nhà mặt phố, mặt tiền",Hoàn thiện cơ bản,64 m²,Đã bàn giao,76 m²,Chung cư,4,A,A,1,Đông Bắc,C10,Căn góc,
VỚI 3.6 TỶ NHÀ PHAN ĐÌNH GIÓT HÀ ĐÔNG 31m2x5T MT4m,"3,6 tỷ- 31 m2",- 31 m2,"Đường Phan Đình Giót, Phường La Khê, Quận Hà Đông, Hà Nội","MÔ TẢ:
+ Hiếm có khó tìm trong tầm giá, nhà đẹp ô tô tầm giá làm gì có căn thứ 2.
+ Đường đi rất tiện thông từ Phan Đình Giót sang ngõ 36 Lê Trọng Tấn kinh doanh sầm uất ô tô tránh.
+ Ngay nhà là Nhà Văn Hoá Tổ dân phố để xe ô tô thoải mái.
+ Cách nhà 300m là Bia Bà, chợ, trường học các cấp.
+ Thiết kế thông sàn mỗi tầng 1 phòng.
+ Tầng1: Khách bếp, vệ sinh. 
+ Tầng2,3,4: Mỗi tầng 01 phòng ngủ rộng vệ sinh lớn thiết kế ô thoáng, thoáng mát.
+ Tầng 5: Phòng thờ + sân phơi.
+ Cầu thang, cửa gỗ Lim xịn xò, nội thất âm tường, thiết bị vệ sinh cao cấp. 
- Nước Thái Dương Năng. 
- Điện led thạch cao rất đẹp
- Đèn năng lượng mặt trời sáng choang không tốn tiền điện.
+ Pháp lý: Sổ đỏ chính Chủ.
+ ACE Có nhu cầu gọi ngay Mr.Ất:",31 m²,"116,13 triệu/m²",Đông Nam,Đã có sổ,Nở hậu,Đất thổ cư,4 m,15 m,4 phòng,3 phòng,"Nhà mặt phố, mặt tiền",Hoàn thiện cơ bản,31 m²,Đã bàn giao,76 m²,Chung cư,5,A,A,1,Đông Bắc,C10,Căn góc,
"590m2 hẻm liên ấp 3.4,gần ủy ban xã,huyện nhà bè","1,79 tỷ- 590 m2",- 590 m2,"Đường Liên Ấp 3-4, Xã Hiệp Phước, Huyện Nhà Bè, Tp Hồ Chí Minh","Bán đất vườn 590m2 hẻm Liên Ấp 3.4 đi vào khoảng 500m.
Khu vực gần ngay ủy ban xã, trường học các cấp, bến xe, chợ.
Đất giáp sông mát mẻ tiện làm nhà vườn.
Hiện trạng đã san lấp rào cơ bản.
có sẵn nhà tôn về làm nhà giữ vườn
giá chỉ 1.79 tỷ
Sổ hồng riêng.
Liên hệ đi xem.",590 m2,"3,03 triệu/m2",Đông Nam,Đã có sổ,Nở hậu,Đất nông nghiệp,19 m,30 m,4 phòng,3 phòng,"Nhà mặt phố, mặt tiền",Hoàn thiện cơ bản,31 m²,Đã bàn giao,76 m²,Chung cư,5,A,A,1,Đông Bắc,C10,Căn góc,
Giá Rẻ thổ cư siêu phẩm,"3,15 tỷ- 1.590 m2",- 1.590 m2,"Đường 16A, Xã Hòa Thuận, Thành phố Buôn Ma Thuột, Đắk Lắk","chính chủ thổ cư siêu phẩm giá rẻ .cách bến xe liên tỉnh 5km. đường nhựa 3 xe oto tránh nhau thoả mãi. dân trí cao, đặc biệt gần trường cấp 1,2,3. an ninh tốt. hàng xóm thân thiện",1590 m2,"1,98 triệu/m2",Tây Nam,Đã có sổ,Nở hậu,Đất thổ cư,53 m,32 m,4 phòng,3 phòng,"Nhà mặt phố, mặt tiền",Hoàn thiện cơ bản,31 m²,Đã bàn giao,76 m²,Chung cư,5,A,A,1,Đông Bắc,C10,Căn góc,
Bán đất 7*35 100% thổ cư gần Uỷ ban xã Hoà Phú,"1,59 tỷ- 226 m2",- 226 m2,"Đường Số 210, Xã Hòa Phú, Huyện Củ Chi, Tp Hồ Chí Minh","Gia đình bán mảnh đất 7*35 đã chuyển mục đích 226m2 thổ cư, xin xây dựng thoải mái. 
Khu dân cư hiện hữu gần Uỷ ban xã Hoà Phú 500m, cách bưu điện xã Hoà Phú 50m. Cách đường tỉnh lộ 8 300m. Khu công nghiệp Đông Nam 500m. 
Thuận tiện xây nhà ở, nhà trọ.
Gần các trường cấp 1 2 3 cách 300m. 
Đường xe to rộng. Thủ tục pháp lý rõ ràng đầy đủ bao công chứng.",226 m2,"7,04 triệu/m2",Tây Nam,Đã có sổ,Mặt tiền,Đất thổ cư,7 m,35 m,4 phòng,3 phòng,"Nhà mặt phố, mặt tiền",Hoàn thiện cơ bản,31 m²,Đã bàn giao,76 m²,Chung cư,5,A,A,1,Đông Bắc,C10,Căn góc,
Nhà 45m2 2PN 2WC Dạ Nam Q8 cần bán.Gần chợ.Có sổ,"1,965 tỷ- 45 m2",- 45 m2,"Đường Dạ Nam, Phường 3, Quận 8, Tp Hồ Chí Minh","Nhà 45m2 2PN Đường Dạ Nam Phường 3 Quận 8 cần bán gấp
- Diện tích 45m2 (5 ×9m) gồm 1 trệt 1 lầu 2PN 2WC
- Hẻm 4m thông thoáng, sáng sủa, xe hơi ra vào thoải mái
- Giá 1 tỷ 965 (còn thương lượng)
- Sổ hồng chính chủ sang tên công chứng trong ngày
- Nhà gần chợ Rạch Ông, siêu thị, bệnh viện, trường học câc cấp...thuận tiện cho việc sinh hoạt, đi lại giữa các quận
- Miễn tiếp cò lái",45 m²,"43,67 triệu/m²",Tây Nam,Đã có sổ,Hẻm xe hơi,Đất thổ cư,5 m,9 m,2 phòng,2 phòng,"Nhà ngõ, hẻm",Hoàn thiện cơ bản,45 m²,Đã bàn giao,76 m²,Chung cư,1,A,A,1,Đông Bắc,C10,Căn góc,
ĐẤT ĐƯỜNG 10 BÙI TRANG CHƯỚC - VỊ TRÍ ĐẸP,"3,8 tỷ- 100 m2",- 100 m2,"Bùi Trang Chước, Phường Hòa Xuân, Quận Cẩm Lệ, Đà Nẵng","Bán đất đường 10.5m Bùi Trang Chước -KDT Hoà Xuân.
Lô đất có vị trí đẹp, không cống trụ.
Hướng đông bắc
Thích hợp vừa ở, kinh doanh, vp công ty.....
Giá 3,8 tỷ
Khách quan tâm alo xem đất",100 m2,38 triệu/m2,Đông Bắc,Đã có sổ,Mặt tiền,Đất thổ cư,5 m,20 m,2 phòng,2 phòng,"Nhà ngõ, hẻm",Hoàn thiện cơ bản,45 m²,Đã bàn giao,76 m²,Chung cư,1,A,A,1,Đông Bắc,C10,Căn góc,
Nhà 11 phòng trọ và nhà 1 trệt 1 lầu MT Tân An,5 tỷ- 200 m2,- 200 m2,"Đường Đông An||15420, Phường Tân Đông Hiệp, Thị xã Dĩ An, Bình Dương","CHỦ GỬI NHÀ 1 TRỆT 1 LẦU VÀ 11 PHÒNG TRỌ MẶT TIỀN ĐƯỜNG ĐÔNG AN
- Dt: 200m2 thổ cư full
- hiện trạng: nhà 1 trệt 1 lầu và 1 1phongf trọ phía sau thu nhập 17tr/tháng.
- gần bệnh viện Dĩ An,Mỹ Phước Tân Vạn, trường cấp 1, đường thông tứ phía
- mặt tiền đường đi lại thuận tiện, an ninh tốt, dân cư đông đúc.
- giá 5 tỷ",200 m²,25 triệu/m²,Tây,Đã có sổ,Nở hậu,Đất thổ cư,5 m,40 m,nhiều hơn 10 phòng,Nhiều hơn 6 phòng,"Nhà mặt phố, mặt tiền",Nội thất cao cấp,250 m²,Đã bàn giao,76 m²,Chung cư,2,A,A,1,Đông Bắc,C10,Căn góc,
Kẹt tiền bán gấp lô 2 mặt tiền đường Trương Gia Mô,35 triệu- 170 m2,- 170 m2,"Trương Gia Mô, Phường Vĩ Dạ, Thành phố Huế, Thừa Thiên Huế","- Lô góc 2 mặt tiền đường Trương Gia Mô giao đường Tùng Thiện Vương
- Diện tích: 170 m2
- Vị trí cực đẹp phù hợp kinh doanh shop, cafe,..
- Làm việc chính chủ và thương lượng",170 m2,205.882 đ/m2,Đông Nam,Đã có sổ,Mặt tiền,Đất thổ cư,5 m,40 m,nhiều hơn 10 phòng,Nhiều hơn 6 phòng,"Nhà mặt phố, mặt tiền",Nội thất cao cấp,250 m²,Đã bàn giao,76 m²,Chung cư,2,A,A,1,Đông Bắc,C10,Căn góc,
Đất KCN Vsip 2 Bình Dương 100m2(5×20),850 triệu- 100 m2,- 100 m2,"137, Đường ĐT 741, Phường Chánh Phú Hòa, Thị xã Bến Cát, Bình Dương","Đất Khu Vsip 2 Bình Dương
Thông tin chi tiết: Đất liền kề KCN Vsip 2 Bình Dương
DT 5×20, Thổ cư 100%
Đã có sổ hồng riêng
Xung quanh dân cư đông, gần chợ, trường học, khu công nghiệp và xí nghiệp tư nhân bao quanh tiện cho xây ở hay kinh doanh hay mua để đầu tư đều được.
Lh: gặp Linh",100 m2,"8,5 triệu/m2",Nam,Đã có sổ,Nở hậu,Đất thổ cư,5 m,20 m,nhiều hơn 10 phòng,Nhiều hơn 6 phòng,"Nhà mặt phố, mặt tiền",Nội thất cao cấp,250 m²,Đã bàn giao,76 m²,Chung cư,2,C,A,1,Đông Bắc,14,Căn góc,
NHÀ PHẠM VĂN HAI P1 GẦN CHỢ .PVH 4.8 X 28 .CẤP 4,"12,7 tỷ- 118 m2",- 118 m2,"Đường Phạm Văn Hai, Phường 1, Quận Tân Bình, Tp Hồ Chí Minh","Bán nhà hẻm 6m Phạm Văn Hai p1 gần lê văn sỷ .chợ P.V.Hai..sân bay .CV hoàng văn thụ
 Nhà diện tích ngàn 4.8 x28 cấp 4 .sổ hồng
Giá 12.7 tỷ",118 m²,"107,63 triệu/m²",Nam,Đã có sổ,Nở hậu,Đất thổ cư,48 m,28 m,3 phòng,3 phòng,"Nhà ngõ, hẻm",Nội thất cao cấp,118 m²,Đã bàn giao,76 m²,Chung cư,2,C,A,1,Đông Bắc,14,Căn góc,
"Nhà đẹp hàng hiếm, 2 lầu cách Đỗ Xuân Hợp chỉ 100m","2,3 tỷ- 28 m2",- 28 m2,"Đường Số 359, Phường Phước Long B, Quận 9, Tp Hồ Chí Minh","🔥🔥🔥 Bán nhà nhỏ xinh cách Đỗ Xuân Hợp chỉ 100m, đường 359 P. Phước Long B, 15p lên đến thành phố Quận 1.
Thích hợp VC mới cưới.
DT công nhận 21,3m2, diện tích khuôn viên 28m2, tổng diện tích sàn xây dựng 56m2.
Nhà 1 trệt 1 lầu. Hẻm ba gác
 Hoàn công đầy đủ
Xung quanh bán kính 500m có đủ mọi thứ cần thiết.
❤Giá 2,3ty ( bớt lộc)
Liên hệ SĐT Đức Ngân xem nhà. ( Lv chính chủ)",28 m²,"82,14 triệu/m²",Nam,Đã có sổ,Nở hậu,Đất thổ cư,4 m,7 m,2 phòng,2 phòng,Nhà phố liền kề,Nội thất cao cấp,56 m²,Đã bàn giao,76 m²,Chung cư,2,C,A,1,Đông Bắc,14,Căn góc,
